Suburb,DateMonth,avg_price
Abbotsford,1/02/2016,1136041.50
Abbotsford,1/04/2016,968541.50
Abbotsford,1/05/2016,1024729.00
Abbotsford,1/06/2016,1066666.67
Abbotsford,1/07/2016,1023041.50
Abbotsford,1/08/2016,1013658.00
Abbotsford,1/09/2016,1081108.00
Abbotsford,1/10/2016,947142.86
Abbotsford,1/11/2016,1089893.82
Abbotsford,1/12/2016,914608.00
Abbotsford,1/02/2017,1180666.67
Abbotsford,1/03/2017,1145347.17
Abbotsford,1/04/2017,1204502.14
Abbotsford,1/05/2017,1042940.43
Abbotsford,1/06/2017,695000.00
Abbotsford,1/07/2017,975073.57
Abbotsford,1/08/2017,1245536.89
Abbotsford,1/09/2017,1024086.40
Aberfeldie,1/04/2016,1227816.00
Aberfeldie,1/05/2016,1264728.60
Aberfeldie,1/06/2016,1687762.00
Aberfeldie,1/09/2016,1006500.00
Aberfeldie,1/10/2016,1590333.33
Aberfeldie,1/11/2016,1009666.67
Aberfeldie,1/12/2016,1708333.33
Aberfeldie,1/02/2017,1233750.00
Aberfeldie,1/03/2017,955333.33
Aberfeldie,1/04/2017,1263896.43
Aberfeldie,1/05/2017,1800833.33
Aberfeldie,1/06/2017,858500.00
Aberfeldie,1/07/2017,1169969.33
Aberfeldie,1/08/2017,1683333.33
Aberfeldie,1/09/2017,1275142.86
Airport West,1/04/2016,746000.00
Airport West,1/05/2016,655000.00
Airport West,1/06/2016,465000.00
Airport West,1/07/2016,626937.50
Airport West,1/08/2016,651166.67
Airport West,1/09/2016,780125.00
Airport West,1/10/2016,629833.33
Airport West,1/11/2016,712062.50
Airport West,1/12/2016,765000.00
Airport West,1/02/2017,746028.67
Airport West,1/03/2017,694898.44
Airport West,1/04/2017,742214.29
Airport West,1/05/2017,790666.67
Airport West,1/06/2017,842994.38
Airport West,1/07/2017,708470.18
Airport West,1/08/2017,804250.00
Airport West,1/09/2017,777000.13
Albanvale,1/06/2017,529458.50
Albanvale,1/07/2017,555000.00
Albanvale,1/08/2017,504000.00
Albanvale,1/09/2017,542458.50
Albert Park,1/04/2016,2050000.00
Albert Park,1/05/2016,1809004.67
Albert Park,1/06/2016,2042155.60
Albert Park,1/07/2016,2268000.00
Albert Park,1/08/2016,1706622.20
Albert Park,1/09/2016,1916326.40
Albert Park,1/10/2016,1901466.60
Albert Park,1/11/2016,1638155.60
Albert Park,1/12/2016,1908333.33
Albert Park,1/02/2017,2079625.00
Albert Park,1/03/2017,2099873.00
Albert Park,1/04/2017,2093750.00
Albert Park,1/05/2017,2157670.90
Albert Park,1/06/2017,1987708.33
Albert Park,1/07/2017,2688125.00
Albert Park,1/08/2017,2371666.67
Albert Park,1/09/2017,1841444.50
Albion,1/02/2016,765000.00
Albion,1/05/2016,600000.00
Albion,1/06/2016,567000.00
Albion,1/07/2016,325000.00
Albion,1/08/2016,185000.00
Albion,1/09/2016,567500.00
Albion,1/10/2016,657250.00
Albion,1/11/2016,800000.00
Albion,1/12/2016,720000.00
Albion,1/02/2017,591833.33
Albion,1/03/2017,715000.00
Albion,1/04/2017,800000.00
Albion,1/05/2017,537000.00
Albion,1/06/2017,784333.33
Albion,1/07/2017,525750.00
Albion,1/08/2017,665833.00
Albion,1/09/2017,760875.00
Alphington,1/04/2016,1781146.00
Alphington,1/05/2016,768147.75
Alphington,1/06/2016,1525000.00
Alphington,1/07/2016,1630000.00
Alphington,1/08/2016,1956823.00
Alphington,1/09/2016,1259397.75
Alphington,1/10/2016,1673833.33
Alphington,1/11/2016,1374437.50
Alphington,1/02/2017,1298430.67
Alphington,1/03/2017,1156000.00
Alphington,1/04/2017,1540000.00
Alphington,1/05/2017,963200.00
Alphington,1/06/2017,1795382.00
Alphington,1/07/2017,1623976.60
Alphington,1/08/2017,983000.00
Alphington,1/09/2017,1313350.00
Altona,1/02/2016,720000.00
Altona,1/04/2016,661666.67
Altona,1/05/2016,807157.14
Altona,1/06/2016,1104333.33
Altona,1/07/2016,557800.00
Altona,1/08/2016,747642.86
Altona,1/09/2016,647400.00
Altona,1/10/2016,740400.00
Altona,1/11/2016,818916.67
Altona,1/12/2016,1065000.00
Altona,1/02/2017,705187.11
Altona,1/03/2017,908666.67
Altona,1/04/2017,822979.60
Altona,1/05/2017,1193000.00
Altona,1/06/2017,883755.14
Altona,1/07/2017,950978.55
Altona,1/08/2017,871321.45
Altona,1/09/2017,819681.33
Altona Meadows,1/06/2017,820000.00
Altona Meadows,1/07/2017,559375.00
Altona Meadows,1/08/2017,810000.00
Altona Meadows,1/09/2017,701430.50
Altona North,1/04/2016,590000.00
Altona North,1/05/2016,712000.00
Altona North,1/06/2016,703473.82
Altona North,1/07/2016,750625.00
Altona North,1/08/2016,701158.70
Altona North,1/09/2016,826601.71
Altona North,1/10/2016,804750.00
Altona North,1/11/2016,730537.69
Altona North,1/12/2016,703319.50
Altona North,1/02/2017,769958.33
Altona North,1/03/2017,783479.17
Altona North,1/04/2017,799070.67
Altona North,1/05/2017,821625.00
Altona North,1/06/2017,819023.56
Altona North,1/07/2017,814900.92
Altona North,1/08/2017,841166.67
Altona North,1/09/2017,900458.86
Ardeer,1/05/2017,651750.00
Ardeer,1/06/2017,651750.00
Ardeer,1/07/2017,636000.00
Ardeer,1/08/2017,730000.00
Ardeer,1/09/2017,636166.67
Armadale,1/04/2016,1894135.80
Armadale,1/05/2016,1646802.00
Armadale,1/06/2016,1756465.00
Armadale,1/07/2016,958984.86
Armadale,1/08/2016,1312012.20
Armadale,1/09/2016,2019815.60
Armadale,1/10/2016,1910187.50
Armadale,1/11/2016,2026238.40
Armadale,1/12/2016,1407513.77
Armadale,1/02/2017,1524586.86
Armadale,1/03/2017,1515272.13
Armadale,1/04/2017,1031830.44
Armadale,1/05/2017,1629191.14
Armadale,1/06/2017,2305438.71
Armadale,1/07/2017,734142.43
Armadale,1/08/2017,1702781.22
Armadale,1/09/2017,2105063.28
Ascot Vale,1/02/2016,895000.00
Ascot Vale,1/04/2016,1159800.00
Ascot Vale,1/05/2016,1025765.71
Ascot Vale,1/06/2016,859590.91
Ascot Vale,1/07/2016,1085111.11
Ascot Vale,1/08/2016,1121500.00
Ascot Vale,1/09/2016,984075.00
Ascot Vale,1/10/2016,1032624.44
Ascot Vale,1/11/2016,1001156.00
Ascot Vale,1/12/2016,953460.00
Ascot Vale,1/02/2017,1018585.71
Ascot Vale,1/03/2017,1247666.67
Ascot Vale,1/04/2017,1182340.00
Ascot Vale,1/05/2017,1212388.24
Ascot Vale,1/06/2017,1190177.50
Ascot Vale,1/07/2017,992848.00
Ascot Vale,1/08/2017,1275183.33
Ascot Vale,1/09/2017,915261.11
Ashburton,1/02/2016,1506365.00
Ashburton,1/04/2016,1471932.50
Ashburton,1/05/2016,1642380.70
Ashburton,1/06/2016,1421818.33
Ashburton,1/07/2016,1440000.00
Ashburton,1/08/2016,1694825.88
Ashburton,1/09/2016,1914125.00
Ashburton,1/10/2016,1364800.00
Ashburton,1/11/2016,1503103.50
Ashburton,1/12/2016,1578961.43
Ashburton,1/02/2017,1712031.13
Ashburton,1/03/2017,1758943.86
Ashburton,1/04/2017,1543277.50
Ashburton,1/05/2017,1796773.00
Ashburton,1/06/2017,1991655.18
Ashburton,1/07/2017,1464510.00
Ashburton,1/08/2017,1674563.18
Ashburton,1/09/2017,1497861.00
Ashwood,1/02/2016,1094856.00
Ashwood,1/04/2016,997318.25
Ashwood,1/05/2016,1159795.50
Ashwood,1/06/2016,1021942.67
Ashwood,1/07/2016,1192208.50
Ashwood,1/08/2016,1137018.43
Ashwood,1/09/2016,1146530.33
Ashwood,1/10/2016,1401171.20
Ashwood,1/11/2016,1044536.55
Ashwood,1/12/2016,1042942.40
Ashwood,1/02/2017,1156883.40
Ashwood,1/03/2017,1085631.00
Ashwood,1/04/2017,1117571.43
Ashwood,1/05/2017,1138892.78
Ashwood,1/06/2017,1270000.00
Ashwood,1/07/2017,1283833.33
Ashwood,1/08/2017,1253333.33
Ashwood,1/09/2017,1154733.40
Aspendale,1/05/2017,1610000.00
Aspendale,1/06/2017,1040250.00
Aspendale,1/07/2017,1019694.50
Aspendale,1/08/2017,1495700.00
Aspendale,1/09/2017,1174223.86
Aspendale Gardens,1/07/2017,840000.00
Aspendale Gardens,1/09/2017,832500.00
Attwood,1/06/2017,640000.00
Attwood,1/09/2017,640000.00
Avondale Heights,1/04/2016,713100.00
Avondale Heights,1/05/2016,931657.44
Avondale Heights,1/06/2016,977500.00
Avondale Heights,1/07/2016,714250.00
Avondale Heights,1/08/2016,724677.13
Avondale Heights,1/09/2016,748611.11
Avondale Heights,1/10/2016,794101.89
Avondale Heights,1/11/2016,722601.89
Avondale Heights,1/12/2016,1061806.00
Avondale Heights,1/02/2017,812903.17
Avondale Heights,1/03/2017,736000.00
Avondale Heights,1/04/2017,952927.13
Avondale Heights,1/05/2017,932000.00
Avondale Heights,1/06/2017,910600.00
Avondale Heights,1/07/2017,790318.18
Avondale Heights,1/08/2017,869139.00
Avondale Heights,1/09/2017,775500.00
Balaclava,1/05/2016,445286.75
Balaclava,1/06/2016,902642.80
Balaclava,1/07/2016,1284214.00
Balaclava,1/08/2016,497500.00
Balaclava,1/09/2016,1181738.00
Balaclava,1/10/2016,511250.00
Balaclava,1/11/2016,778333.33
Balaclava,1/12/2016,410000.00
Balaclava,1/02/2017,1335500.00
Balaclava,1/03/2017,589147.00
Balaclava,1/04/2017,465000.00
Balaclava,1/05/2017,450000.00
Balaclava,1/06/2017,882500.00
Balaclava,1/07/2017,434333.33
Balaclava,1/08/2017,1004875.00
Balaclava,1/09/2017,672358.29
Balwyn,1/02/2016,450000.00
Balwyn,1/04/2016,1576471.67
Balwyn,1/05/2016,1992105.76
Balwyn,1/06/2016,2107311.20
Balwyn,1/07/2016,2120099.56
Balwyn,1/08/2016,1579518.88
Balwyn,1/09/2016,1665035.39
Balwyn,1/10/2016,1695330.00
Balwyn,1/11/2016,1919145.19
Balwyn,1/12/2016,1986409.09
Balwyn,1/02/2017,2049321.00
Balwyn,1/03/2017,2071171.73
Balwyn,1/04/2017,1296580.00
Balwyn,1/05/2017,1408383.33
Balwyn,1/06/2017,2071806.67
Balwyn,1/07/2017,2092935.00
Balwyn,1/08/2017,1757466.86
Balwyn,1/09/2017,1993994.22
Balwyn North,1/04/2016,1916996.15
Balwyn North,1/05/2016,1582081.81
Balwyn North,1/06/2016,1782838.84
Balwyn North,1/07/2016,1657571.78
Balwyn North,1/08/2016,1830825.23
Balwyn North,1/09/2016,1707855.59
Balwyn North,1/10/2016,1835548.93
Balwyn North,1/11/2016,1627091.44
Balwyn North,1/12/2016,2004441.25
Balwyn North,1/02/2017,1646500.11
Balwyn North,1/03/2017,1814930.00
Balwyn North,1/04/2017,1821598.90
Balwyn North,1/05/2017,1675197.83
Balwyn North,1/06/2017,1786646.45
Balwyn North,1/07/2017,1661490.64
Balwyn North,1/08/2017,2033390.06
Balwyn North,1/09/2017,1821647.43
Bayswater,1/05/2017,657500.00
Bayswater,1/06/2017,758418.80
Bayswater,1/07/2017,686333.33
Bayswater,1/08/2017,630797.00
Bayswater,1/09/2017,820500.00
Bayswater North,1/06/2017,741166.50
Bayswater North,1/07/2017,683171.40
Bayswater North,1/08/2017,678857.00
Bayswater North,1/09/2017,793000.00
Beaconsfield,1/07/2017,581333.33
Beaconsfield Upper,1/06/2017,675000.00
Beaumaris,1/05/2017,2364375.00
Beaumaris,1/06/2017,1733458.33
Beaumaris,1/07/2017,1373575.00
Beaumaris,1/08/2017,1860200.50
Beaumaris,1/09/2017,1682379.17
Bellfield,1/04/2016,770000.00
Bellfield,1/05/2016,635000.00
Bellfield,1/06/2016,804867.00
Bellfield,1/07/2016,752000.00
Bellfield,1/08/2016,773000.00
Bellfield,1/09/2016,780000.00
Bellfield,1/10/2016,890000.00
Bellfield,1/11/2016,835000.00
Bellfield,1/12/2016,804867.00
Bellfield,1/02/2017,720000.00
Bellfield,1/03/2017,778622.33
Bellfield,1/04/2017,849433.50
Bellfield,1/05/2017,875500.00
Bellfield,1/07/2017,850291.50
Bellfield,1/08/2017,852333.33
Bellfield,1/09/2017,900000.00
Bentleigh,1/02/2016,1222500.00
Bentleigh,1/04/2016,1572660.20
Bentleigh,1/05/2016,1291966.83
Bentleigh,1/06/2016,1330413.23
Bentleigh,1/07/2016,1114000.00
Bentleigh,1/08/2016,1325730.76
Bentleigh,1/09/2016,1155856.58
Bentleigh,1/10/2016,1240767.23
Bentleigh,1/11/2016,1233013.73
Bentleigh,1/12/2016,1259079.00
Bentleigh,1/02/2017,1406000.00
Bentleigh,1/03/2017,1158740.08
Bentleigh,1/04/2017,960861.27
Bentleigh,1/05/2017,1359558.33
Bentleigh,1/06/2017,1330212.08
Bentleigh,1/07/2017,1214500.00
Bentleigh,1/08/2017,1401079.00
Bentleigh,1/09/2017,1456156.08
Bentleigh East,1/02/2016,788435.00
Bentleigh East,1/04/2016,971800.00
Bentleigh East,1/05/2016,996996.29
Bentleigh East,1/06/2016,981595.88
Bentleigh East,1/07/2016,1067437.50
Bentleigh East,1/08/2016,1134945.04
Bentleigh East,1/09/2016,1088130.08
Bentleigh East,1/10/2016,992755.21
Bentleigh East,1/11/2016,1069963.53
Bentleigh East,1/12/2016,1048535.82
Bentleigh East,1/02/2017,1133062.43
Bentleigh East,1/03/2017,1138301.87
Bentleigh East,1/04/2017,1102709.47
Bentleigh East,1/05/2017,1191266.85
Bentleigh East,1/06/2017,1286987.38
Bentleigh East,1/07/2017,1127327.00
Bentleigh East,1/08/2017,1216928.22
Bentleigh East,1/09/2017,1182822.24
Berwick,1/05/2017,782333.33
Berwick,1/06/2017,649250.00
Berwick,1/07/2017,776821.43
Berwick,1/08/2017,707666.67
Berwick,1/09/2017,894541.67
Black Rock,1/05/2017,851750.00
Black Rock,1/06/2017,1165333.33
Black Rock,1/07/2017,907500.00
Black Rock,1/08/2017,1386089.25
Black Rock,1/09/2017,1639214.29
Blackburn,1/06/2017,1363765.44
Blackburn,1/07/2017,1173674.70
Blackburn,1/08/2017,1232546.00
Blackburn,1/09/2017,1454476.21
Blackburn North,1/06/2017,1029500.00
Blackburn North,1/07/2017,985055.50
Blackburn North,1/08/2017,1275000.00
Blackburn North,1/09/2017,1189400.00
Blackburn South,1/05/2017,1258000.00
Blackburn South,1/06/2017,1111261.17
Blackburn South,1/07/2017,1025509.57
Blackburn South,1/08/2017,1097366.71
Blackburn South,1/09/2017,1095011.17
Bonbeach,1/06/2017,836000.00
Bonbeach,1/08/2017,920000.00
Bonbeach,1/09/2017,1211666.67
Boronia,1/05/2017,748833.00
Boronia,1/06/2017,752666.50
Boronia,1/07/2017,785104.13
Boronia,1/08/2017,769333.33
Boronia,1/09/2017,739733.20
Box Hill,1/04/2016,1056666.67
Box Hill,1/05/2016,1250208.25
Box Hill,1/06/2016,1568011.43
Box Hill,1/07/2016,1080866.60
Box Hill,1/08/2016,832437.33
Box Hill,1/09/2016,1508961.86
Box Hill,1/10/2016,1173042.29
Box Hill,1/11/2016,1381074.70
Box Hill,1/12/2016,1344965.25
Box Hill,1/02/2017,1710000.00
Box Hill,1/03/2017,677453.67
Box Hill,1/04/2017,1428687.20
Box Hill,1/05/2017,1244047.57
Box Hill,1/06/2017,1862666.50
Box Hill,1/07/2017,1606953.67
Box Hill,1/08/2017,1083143.50
Box Hill,1/09/2017,1508572.50
Braybrook,1/04/2016,664424.00
Braybrook,1/05/2016,470000.00
Braybrook,1/06/2016,498333.33
Braybrook,1/07/2016,684969.60
Braybrook,1/08/2016,625833.33
Braybrook,1/09/2016,689472.25
Braybrook,1/10/2016,747463.00
Braybrook,1/11/2016,689187.50
Braybrook,1/12/2016,660317.25
Braybrook,1/02/2017,592000.00
Braybrook,1/03/2017,634500.00
Braybrook,1/04/2017,692385.71
Braybrook,1/05/2017,620333.33
Braybrook,1/06/2017,681474.67
Braybrook,1/07/2017,625700.00
Braybrook,1/08/2017,906884.50
Braybrook,1/09/2017,738577.00
Briar Hill,1/05/2017,590000.00
Briar Hill,1/06/2017,673750.00
Briar Hill,1/07/2017,840000.00
Briar Hill,1/08/2017,820000.00
Briar Hill,1/09/2017,679800.00
Brighton,1/04/2016,1658295.00
Brighton,1/05/2016,1750894.41
Brighton,1/06/2016,2023238.38
Brighton,1/07/2016,1843902.75
Brighton,1/08/2016,1907993.25
Brighton,1/09/2016,1832204.30
Brighton,1/10/2016,1633787.91
Brighton,1/11/2016,2055336.53
Brighton,1/12/2016,2246517.33
Brighton,1/02/2017,1864471.54
Brighton,1/03/2017,2165168.68
Brighton,1/04/2017,2499042.47
Brighton,1/05/2017,2060880.17
Brighton,1/06/2017,1857148.38
Brighton,1/07/2017,1573093.38
Brighton,1/08/2017,2177673.12
Brighton,1/09/2017,2064011.25
Brighton East,1/04/2016,1701288.40
Brighton East,1/05/2016,1517330.84
Brighton East,1/06/2016,1848318.00
Brighton East,1/07/2016,909000.00
Brighton East,1/08/2016,1607005.86
Brighton East,1/09/2016,1646122.96
Brighton East,1/10/2016,1945918.23
Brighton East,1/11/2016,1697061.97
Brighton East,1/12/2016,1633778.94
Brighton East,1/02/2017,1515292.86
Brighton East,1/03/2017,1565665.14
Brighton East,1/04/2017,1583170.30
Brighton East,1/05/2017,1694139.11
Brighton East,1/06/2017,1870254.21
Brighton East,1/07/2017,1225564.33
Brighton East,1/08/2017,1528030.84
Brighton East,1/09/2017,1589846.57
Broadmeadows,1/05/2017,484593.33
Broadmeadows,1/06/2017,342000.00
Broadmeadows,1/07/2017,513071.07
Broadmeadows,1/08/2017,685857.14
Broadmeadows,1/09/2017,530250.00
Brookfield,1/07/2017,456000.00
Brooklyn,1/05/2016,524250.00
Brooklyn,1/06/2016,480000.00
Brooklyn,1/08/2016,719191.50
Brooklyn,1/09/2016,488191.50
Brooklyn,1/10/2016,610977.00
Brooklyn,1/11/2016,716666.67
Brooklyn,1/12/2016,485000.00
Brooklyn,1/02/2017,543142.75
Brooklyn,1/03/2017,790000.00
Brooklyn,1/04/2017,676250.00
Brooklyn,1/05/2017,670999.67
Brooklyn,1/06/2017,820000.00
Brooklyn,1/07/2017,526775.00
Brooklyn,1/09/2017,901000.00
Brunswick,1/04/2016,914193.69
Brunswick,1/05/2016,854372.04
Brunswick,1/06/2016,949002.25
Brunswick,1/07/2016,1021069.10
Brunswick,1/08/2016,865091.29
Brunswick,1/09/2016,880024.15
Brunswick,1/10/2016,1017315.88
Brunswick,1/11/2016,953900.75
Brunswick,1/12/2016,1026773.13
Brunswick,1/02/2017,994000.00
Brunswick,1/03/2017,1129140.94
Brunswick,1/04/2017,955500.00
Brunswick,1/05/2017,1124804.41
Brunswick,1/06/2017,1048856.68
Brunswick,1/07/2017,1078101.20
Brunswick,1/08/2017,952223.00
Brunswick,1/09/2017,901566.27
Brunswick East,1/04/2016,1023000.00
Brunswick East,1/05/2016,893183.36
Brunswick East,1/06/2016,835038.50
Brunswick East,1/07/2016,823400.00
Brunswick East,1/08/2016,979269.80
Brunswick East,1/09/2016,1041285.71
Brunswick East,1/10/2016,734223.60
Brunswick East,1/11/2016,1078918.63
Brunswick East,1/12/2016,1045623.60
Brunswick East,1/02/2017,675372.67
Brunswick East,1/03/2017,1008194.14
Brunswick East,1/04/2017,821253.83
Brunswick East,1/05/2017,882483.41
Brunswick East,1/06/2017,983889.75
Brunswick East,1/07/2017,745325.46
Brunswick East,1/08/2017,768602.58
Brunswick East,1/09/2017,842707.54
Brunswick West,1/04/2016,879250.00
Brunswick West,1/05/2016,724722.89
Brunswick West,1/06/2016,707119.62
Brunswick West,1/07/2016,925166.67
Brunswick West,1/08/2016,676187.50
Brunswick West,1/09/2016,796276.25
Brunswick West,1/10/2016,782381.89
Brunswick West,1/11/2016,869007.94
Brunswick West,1/12/2016,823618.33
Brunswick West,1/02/2017,844500.00
Brunswick West,1/03/2017,674027.83
Brunswick West,1/04/2017,860354.44
Brunswick West,1/05/2017,804172.25
Brunswick West,1/06/2017,897652.33
Brunswick West,1/07/2017,643711.77
Brunswick West,1/08/2017,1025246.36
Brunswick West,1/09/2017,796850.38
Bulleen,1/04/2016,1150500.00
Bulleen,1/05/2016,1223928.60
Bulleen,1/06/2016,1072714.33
Bulleen,1/07/2016,1038000.00
Bulleen,1/08/2016,1060771.80
Bulleen,1/09/2016,1194428.57
Bulleen,1/10/2016,1093469.43
Bulleen,1/11/2016,1192648.83
Bulleen,1/12/2016,1189444.44
Bulleen,1/02/2017,1073333.33
Bulleen,1/03/2017,1305000.00
Bulleen,1/04/2017,1144143.60
Bulleen,1/05/2017,1074543.14
Bulleen,1/06/2017,1193333.33
Bulleen,1/07/2017,1210500.00
Bulleen,1/08/2017,1286333.33
Bulleen,1/09/2017,1164333.33
Bundoora,1/05/2017,824812.50
Bundoora,1/06/2017,775954.55
Bundoora,1/07/2017,761470.27
Bundoora,1/08/2017,867266.67
Bundoora,1/09/2017,803483.10
Burnley,1/04/2016,881000.00
Burnley,1/09/2016,1202500.00
Burnley,1/12/2016,1118005.00
Burnley,1/02/2017,1435000.00
Burnley,1/05/2017,1837500.00
Burnley,1/06/2017,1100000.00
Burnley,1/08/2017,370000.00
Burnley,1/09/2017,370000.00
Burnside,1/08/2017,599375.00
Burnside,1/09/2017,657500.00
Burnside Heights,1/05/2017,586500.00
Burnside Heights,1/06/2017,527200.00
Burnside Heights,1/07/2017,535000.00
Burnside Heights,1/08/2017,603000.00
Burnside Heights,1/09/2017,617500.00
Burwood,1/02/2016,1453000.00
Burwood,1/04/2016,1449832.33
Burwood,1/05/2016,1209138.00
Burwood,1/06/2016,1156188.19
Burwood,1/07/2016,813033.00
Burwood,1/08/2016,1042147.57
Burwood,1/09/2016,1063857.75
Burwood,1/10/2016,1387721.50
Burwood,1/11/2016,1244069.64
Burwood,1/12/2016,1369233.55
Burwood,1/02/2017,1186954.40
Burwood,1/03/2017,1192990.13
Burwood,1/04/2017,1241038.33
Burwood,1/05/2017,1217113.26
Burwood,1/06/2017,1090985.00
Burwood,1/07/2017,1399921.17
Burwood,1/08/2017,1335377.00
Burwood,1/09/2017,1353821.36
Burwood East,1/05/2017,780000.00
Burwood East,1/06/2017,1149496.33
Burwood East,1/07/2017,1166116.86
Burwood East,1/08/2017,1000000.00
Burwood East,1/09/2017,1010508.22
Cairnlea,1/05/2017,720000.00
Cairnlea,1/06/2017,724100.00
Cairnlea,1/07/2017,656640.00
Cairnlea,1/08/2017,560000.00
Cairnlea,1/09/2017,716833.50
Camberwell,1/04/2016,1618702.44
Camberwell,1/05/2016,2278600.41
Camberwell,1/06/2016,1528848.67
Camberwell,1/07/2016,1175859.60
Camberwell,1/08/2016,2174429.26
Camberwell,1/09/2016,2031818.76
Camberwell,1/10/2016,1931758.73
Camberwell,1/11/2016,1510308.96
Camberwell,1/12/2016,1960128.69
Camberwell,1/02/2017,2140156.40
Camberwell,1/03/2017,1994653.90
Camberwell,1/04/2017,1388153.55
Camberwell,1/05/2017,2321166.93
Camberwell,1/06/2017,1818597.75
Camberwell,1/07/2017,1267067.79
Camberwell,1/08/2017,1928011.53
Camberwell,1/09/2017,2050647.73
Campbellfield,1/08/2017,650000.00
Canterbury,1/01/2016,2778864.00
Canterbury,1/04/2016,1317237.50
Canterbury,1/05/2016,3077349.00
Canterbury,1/06/2016,1134080.00
Canterbury,1/07/2016,1421593.75
Canterbury,1/08/2016,2944279.67
Canterbury,1/09/2016,1859539.83
Canterbury,1/10/2016,2350644.00
Canterbury,1/11/2016,2118858.00
Canterbury,1/12/2016,2660973.17
Canterbury,1/02/2017,3289432.00
Canterbury,1/03/2017,2409025.38
Canterbury,1/04/2017,2014000.00
Canterbury,1/05/2017,3098144.73
Canterbury,1/06/2017,1937691.29
Canterbury,1/07/2017,816000.00
Canterbury,1/08/2017,2319074.00
Canterbury,1/09/2017,2382418.08
Carlton,1/04/2016,1199898.67
Carlton,1/05/2016,1007103.17
Carlton,1/06/2016,1096666.67
Carlton,1/07/2016,778500.00
Carlton,1/08/2016,1054142.86
Carlton,1/09/2016,1355000.00
Carlton,1/10/2016,880000.00
Carlton,1/11/2016,817333.33
Carlton,1/12/2016,921111.00
Carlton,1/02/2017,2160500.00
Carlton,1/03/2017,1032087.00
Carlton,1/04/2017,876250.00
Carlton,1/05/2017,947782.67
Carlton,1/06/2017,1046666.50
Carlton,1/07/2017,921253.63
Carlton,1/08/2017,1206087.00
Carlton,1/09/2017,845366.00
Carlton North,1/04/2016,1867000.00
Carlton North,1/05/2016,1967350.00
Carlton North,1/06/2016,725000.00
Carlton North,1/07/2016,1401916.50
Carlton North,1/08/2016,1397111.00
Carlton North,1/09/2016,1116611.00
Carlton North,1/10/2016,1047500.00
Carlton North,1/11/2016,2400000.00
Carlton North,1/12/2016,1128625.00
Carlton North,1/02/2017,1623111.00
Carlton North,1/03/2017,1555291.63
Carlton North,1/04/2017,550000.00
Carlton North,1/05/2017,1537908.30
Carlton North,1/06/2017,1881700.00
Carlton North,1/07/2017,1213333.33
Carlton North,1/08/2017,1585666.50
Carlton North,1/09/2017,1144266.60
Carnegie,1/04/2016,981867.30
Carnegie,1/05/2016,1049722.41
Carnegie,1/06/2016,649764.71
Carnegie,1/07/2016,696650.00
Carnegie,1/08/2016,890443.14
Carnegie,1/09/2016,1036666.67
Carnegie,1/10/2016,562964.50
Carnegie,1/11/2016,914550.44
Carnegie,1/12/2016,1026515.88
Carnegie,1/02/2017,1004118.18
Carnegie,1/03/2017,849153.87
Carnegie,1/04/2017,759795.40
Carnegie,1/05/2017,1020796.93
Carnegie,1/06/2017,1083617.93
Carnegie,1/07/2017,909600.95
Carnegie,1/08/2017,817414.86
Carnegie,1/09/2017,995520.00
Caroline Springs,1/05/2017,545444.00
Caroline Springs,1/06/2017,778333.33
Caroline Springs,1/07/2017,519666.67
Caroline Springs,1/08/2017,785000.00
Caroline Springs,1/09/2017,646000.00
Carrum,1/05/2017,885000.00
Carrum,1/06/2017,758238.17
Carrum,1/07/2017,650000.00
Carrum,1/08/2017,685000.00
Carrum,1/09/2017,721750.00
Carrum Downs,1/05/2017,532500.00
Carrum Downs,1/06/2017,550486.00
Carrum Downs,1/07/2017,510166.67
Carrum Downs,1/08/2017,561375.00
Carrum Downs,1/09/2017,559250.00
Caulfield,1/04/2016,1220000.00
Caulfield,1/06/2016,1090000.00
Caulfield,1/09/2016,722500.00
Caulfield,1/11/2016,638000.00
Caulfield,1/12/2016,1146656.00
Caulfield,1/02/2017,131000.00
Caulfield,1/03/2017,436500.00
Caulfield,1/04/2017,496656.00
Caulfield,1/05/2017,552500.00
Caulfield,1/06/2017,730500.00
Caulfield,1/08/2017,1070000.00
Caulfield,1/09/2017,341000.00
Caulfield East,1/05/2016,555000.00
Caulfield East,1/06/2016,1315000.00
Caulfield East,1/07/2016,1335000.00
Caulfield East,1/10/2016,1300000.00
Caulfield East,1/12/2016,620000.00
Caulfield East,1/02/2017,1000000.00
Caulfield East,1/05/2017,650926.00
Caulfield East,1/06/2017,350000.00
Caulfield East,1/07/2017,1550000.00
Caulfield East,1/09/2017,1011694.50
Caulfield North,1/05/2016,1215833.33
Caulfield North,1/08/2016,1030166.67
Caulfield North,1/09/2016,865093.00
Caulfield North,1/10/2016,2115000.00
Caulfield North,1/11/2016,542000.00
Caulfield North,1/12/2016,984333.33
Caulfield North,1/02/2017,1245800.00
Caulfield North,1/03/2017,844522.25
Caulfield North,1/04/2017,532500.00
Caulfield North,1/05/2017,1368179.13
Caulfield North,1/06/2017,901081.83
Caulfield North,1/07/2017,564904.67
Caulfield North,1/08/2017,1542500.00
Caulfield North,1/09/2017,1080000.00
Caulfield South,1/04/2016,1043500.00
Caulfield South,1/05/2016,1447386.18
Caulfield South,1/07/2016,1197232.50
Caulfield South,1/08/2016,1021666.67
Caulfield South,1/09/2016,1296985.00
Caulfield South,1/10/2016,875500.00
Caulfield South,1/11/2016,1016576.33
Caulfield South,1/12/2016,1016973.75
Caulfield South,1/02/2017,1380801.83
Caulfield South,1/03/2017,1556848.75
Caulfield South,1/04/2017,965666.67
Caulfield South,1/05/2017,1232342.14
Caulfield South,1/06/2017,1012700.00
Caulfield South,1/07/2017,1176000.00
Caulfield South,1/08/2017,1320749.71
Caulfield South,1/09/2017,1301700.00
Chadstone,1/02/2016,890000.00
Chadstone,1/04/2016,916500.00
Chadstone,1/05/2016,1030364.80
Chadstone,1/06/2016,882875.00
Chadstone,1/07/2016,1421706.00
Chadstone,1/08/2016,996132.40
Chadstone,1/09/2016,856133.40
Chadstone,1/10/2016,861040.50
Chadstone,1/11/2016,1038616.20
Chadstone,1/12/2016,1136375.00
Chadstone,1/02/2017,1064720.67
Chadstone,1/03/2017,934409.00
Chadstone,1/04/2017,977564.80
Chadstone,1/05/2017,914110.33
Chadstone,1/06/2017,896875.00
Chadstone,1/07/2017,988018.50
Chadstone,1/08/2017,1035687.50
Chadstone,1/09/2017,1023016.44
Chelsea,1/05/2017,600000.00
Chelsea,1/06/2017,654333.33
Chelsea,1/07/2017,796333.33
Chelsea,1/08/2017,879167.00
Chelsea,1/09/2017,905666.80
Chelsea Heights,1/05/2017,691750.00
Chelsea Heights,1/06/2017,732000.00
Chelsea Heights,1/07/2017,835500.00
Chelsea Heights,1/08/2017,717500.00
Chelsea Heights,1/09/2017,805500.00
Cheltenham,1/05/2017,949733.14
Cheltenham,1/06/2017,999157.89
Cheltenham,1/07/2017,975752.77
Cheltenham,1/08/2017,1066313.20
Cheltenham,1/09/2017,1000646.83
Chirnside Park,1/05/2017,911982.00
Clarinda,1/07/2017,852000.00
Clarinda,1/08/2017,971433.33
Clarinda,1/09/2017,850000.00
Clayton,1/05/2017,975666.50
Clayton,1/06/2017,1149354.40
Clayton,1/07/2017,1220487.80
Clayton,1/08/2017,1055672.25
Clayton,1/09/2017,1666296.00
Clayton South,1/05/2017,1016666.67
Clayton South,1/06/2017,792500.00
Clayton South,1/07/2017,517500.00
Clayton South,1/08/2017,804711.50
Clayton South,1/09/2017,843437.50
Clifton Hill,1/05/2016,934173.67
Clifton Hill,1/06/2016,946280.50
Clifton Hill,1/07/2016,1118887.33
Clifton Hill,1/08/2016,820000.00
Clifton Hill,1/09/2016,1269171.43
Clifton Hill,1/10/2016,1624107.25
Clifton Hill,1/11/2016,1128145.86
Clifton Hill,1/12/2016,1015666.67
Clifton Hill,1/02/2017,1550112.50
Clifton Hill,1/03/2017,1302360.00
Clifton Hill,1/04/2017,1041800.00
Clifton Hill,1/05/2017,1149418.42
Clifton Hill,1/06/2017,1193605.50
Clifton Hill,1/07/2017,1037204.20
Clifton Hill,1/08/2017,1566750.00
Clifton Hill,1/09/2017,1226200.00
Coburg,1/02/2016,675000.00
Coburg,1/04/2016,749722.22
Coburg,1/05/2016,869829.06
Coburg,1/06/2016,846128.70
Coburg,1/07/2016,918276.50
Coburg,1/08/2016,832564.25
Coburg,1/09/2016,851823.60
Coburg,1/10/2016,902360.00
Coburg,1/11/2016,938780.71
Coburg,1/12/2016,956870.67
Coburg,1/02/2017,879209.67
Coburg,1/03/2017,1001181.43
Coburg,1/04/2017,951046.82
Coburg,1/05/2017,927263.81
Coburg,1/06/2017,984378.89
Coburg,1/07/2017,907015.31
Coburg,1/08/2017,922954.55
Coburg,1/09/2017,940624.04
Coburg North,1/04/2016,614336.00
Coburg North,1/05/2016,723072.13
Coburg North,1/06/2016,809418.50
Coburg North,1/07/2016,784000.00
Coburg North,1/08/2016,685074.57
Coburg North,1/09/2016,792975.83
Coburg North,1/10/2016,749166.67
Coburg North,1/11/2016,857000.00
Coburg North,1/12/2016,817751.83
Coburg North,1/02/2017,730255.50
Coburg North,1/03/2017,738196.54
Coburg North,1/04/2017,827561.67
Coburg North,1/05/2017,784431.71
Coburg North,1/06/2017,785820.75
Coburg North,1/07/2017,805472.17
Coburg North,1/08/2017,705000.00
Coburg North,1/09/2017,927251.83
Collingwood,1/04/2016,1272500.00
Collingwood,1/05/2016,926785.71
Collingwood,1/06/2016,901189.00
Collingwood,1/07/2016,562333.33
Collingwood,1/08/2016,857318.50
Collingwood,1/09/2016,912888.89
Collingwood,1/10/2016,994400.00
Collingwood,1/11/2016,765237.80
Collingwood,1/12/2016,1080594.50
Collingwood,1/02/2017,1015000.00
Collingwood,1/03/2017,820727.79
Collingwood,1/04/2017,962625.89
Collingwood,1/05/2017,1056430.50
Collingwood,1/06/2017,959519.00
Collingwood,1/07/2017,871657.14
Collingwood,1/08/2017,575000.00
Collingwood,1/09/2017,922955.57
Coolaroo,1/06/2017,390000.00
Coolaroo,1/07/2017,455000.00
Coolaroo,1/08/2017,460000.00
Coolaroo,1/09/2017,457000.00
Craigieburn,1/05/2017,570388.89
Craigieburn,1/06/2017,523137.77
Craigieburn,1/07/2017,566907.79
Craigieburn,1/08/2017,565282.68
Craigieburn,1/09/2017,554745.05
Cranbourne,1/07/2017,572000.00
Cranbourne,1/08/2017,577502.00
Cranbourne North,1/06/2017,585000.00
Cranbourne North,1/07/2017,585000.00
Cremorne,1/05/2016,1249833.50
Cremorne,1/06/2016,1208333.33
Cremorne,1/07/2016,933927.20
Cremorne,1/08/2016,425000.00
Cremorne,1/09/2016,1040000.00
Cremorne,1/10/2016,813666.67
Cremorne,1/11/2016,1031992.25
Cremorne,1/03/2017,650234.50
Cremorne,1/04/2017,855000.00
Cremorne,1/05/2017,1057666.67
Cremorne,1/09/2017,1317083.50
Croydon,1/05/2017,752195.20
Croydon,1/06/2017,870070.08
Croydon,1/07/2017,824329.50
Croydon,1/08/2017,860826.82
Croydon,1/09/2017,1041774.08
Croydon Hills,1/05/2017,870250.00
Croydon Hills,1/06/2017,860500.00
Croydon Hills,1/07/2017,940208.33
Croydon Hills,1/09/2017,907000.00
Croydon North,1/05/2017,810000.00
Croydon North,1/06/2017,805375.00
Croydon North,1/07/2017,810000.00
Croydon North,1/08/2017,766000.00
Croydon North,1/09/2017,799000.00
Croydon South,1/05/2017,800000.00
Croydon South,1/09/2017,1020000.00
Dallas,1/06/2017,359250.00
Dallas,1/07/2017,439595.33
Dallas,1/08/2017,475000.00
Dallas,1/09/2017,501000.00
Dandenong,1/05/2017,612500.00
Dandenong,1/06/2017,789833.33
Dandenong,1/07/2017,617106.00
Dandenong,1/08/2017,568527.20
Dandenong,1/09/2017,484192.00
Dandenong North,1/05/2017,623773.00
Dandenong North,1/06/2017,599621.20
Dandenong North,1/07/2017,666043.63
Dandenong North,1/08/2017,662166.50
Dandenong North,1/09/2017,584654.60
Deepdene,1/08/2017,1715000.00
Deer Park,1/05/2017,508500.00
Deer Park,1/06/2017,670333.33
Deer Park,1/07/2017,572500.00
Deer Park,1/08/2017,590344.40
Deer Park,1/09/2017,602098.45
Delahey,1/06/2017,505000.00
Delahey,1/07/2017,538333.33
Delahey,1/08/2017,475000.00
Delahey,1/09/2017,563875.00
Derrimut,1/05/2017,610000.00
Derrimut,1/07/2017,805000.00
Derrimut,1/09/2017,772500.00
Diamond Creek,1/06/2017,588000.00
Diamond Creek,1/07/2017,624666.67
Diamond Creek,1/08/2017,817666.67
Diamond Creek,1/09/2017,865250.00
Diggers Rest,1/05/2017,435000.00
Diggers Rest,1/08/2017,506000.00
Dingley Village,1/05/2017,925000.00
Dingley Village,1/06/2017,915333.33
Dingley Village,1/07/2017,800057.14
Dingley Village,1/08/2017,873000.00
Dingley Village,1/09/2017,1055812.50
Docklands,1/08/2016,1370000.00
Docklands,1/09/2016,1370000.00
Docklands,1/12/2016,360000.00
Docklands,1/04/2017,360000.00
Docklands,1/06/2017,1370000.00
Docklands,1/09/2017,360000.00
Doncaster,1/02/2016,1320000.00
Doncaster,1/04/2016,1119238.33
Doncaster,1/05/2016,1203670.38
Doncaster,1/06/2016,1172979.19
Doncaster,1/07/2016,1130100.00
Doncaster,1/08/2016,928509.88
Doncaster,1/09/2016,1371525.08
Doncaster,1/10/2016,993786.86
Doncaster,1/11/2016,1227812.43
Doncaster,1/12/2016,1203393.93
Doncaster,1/02/2017,1266052.88
Doncaster,1/03/2017,1263065.11
Doncaster,1/04/2017,1376076.44
Doncaster,1/05/2017,1167705.80
Doncaster,1/06/2017,1320226.25
Doncaster,1/07/2017,1213548.83
Doncaster,1/08/2017,1081513.17
Doncaster,1/09/2017,1366101.92
Doncaster East,1/05/2017,1491857.14
Doncaster East,1/06/2017,1364110.25
Doncaster East,1/07/2017,1353430.56
Doncaster East,1/08/2017,1191340.10
Doncaster East,1/09/2017,1318629.86
Donvale,1/05/2017,1877700.00
Donvale,1/06/2017,991312.50
Donvale,1/07/2017,1061987.56
Donvale,1/08/2017,1297333.33
Donvale,1/09/2017,888166.67
Doreen,1/06/2017,494500.00
Doreen,1/07/2017,530500.00
Doreen,1/08/2017,472000.00
Doreen,1/09/2017,481000.00
Doveton,1/06/2017,509545.33
Doveton,1/07/2017,475386.33
Doveton,1/08/2017,454000.00
Doveton,1/09/2017,517250.00
Eaglemont,1/04/2016,600000.00
Eaglemont,1/05/2016,525000.00
Eaglemont,1/06/2016,1711733.33
Eaglemont,1/07/2016,1125500.00
Eaglemont,1/08/2016,2221333.33
Eaglemont,1/09/2016,1838505.50
Eaglemont,1/10/2016,1990000.00
Eaglemont,1/11/2016,1748671.43
Eaglemont,1/12/2016,1059000.00
Eaglemont,1/02/2017,1435200.00
Eaglemont,1/03/2017,2850000.00
Eaglemont,1/04/2017,2072600.00
Eaglemont,1/05/2017,1750000.00
Eaglemont,1/06/2017,1510000.00
Eaglemont,1/07/2017,2054375.00
Eaglemont,1/08/2017,2051250.00
Eaglemont,1/09/2017,1218500.00
East Melbourne,1/05/2016,682500.00
East Melbourne,1/06/2016,1912000.00
East Melbourne,1/07/2016,1935000.00
East Melbourne,1/08/2016,948178.57
East Melbourne,1/09/2016,565000.00
East Melbourne,1/10/2016,1051666.67
East Melbourne,1/11/2016,1912000.00
East Melbourne,1/12/2016,2553625.00
East Melbourne,1/02/2017,865187.50
East Melbourne,1/04/2017,925750.00
East Melbourne,1/05/2017,2542500.00
East Melbourne,1/06/2017,1666700.00
East Melbourne,1/07/2017,859050.00
East Melbourne,1/08/2017,801750.00
East Melbourne,1/09/2017,1857333.33
Edithvale,1/05/2017,1079166.67
Edithvale,1/06/2017,816516.67
Edithvale,1/07/2017,941330.00
Edithvale,1/08/2017,990000.00
Edithvale,1/09/2017,832375.00
Elsternwick,1/04/2016,1370400.00
Elsternwick,1/05/2016,1055302.25
Elsternwick,1/06/2016,1595299.25
Elsternwick,1/08/2016,1807208.86
Elsternwick,1/09/2016,928241.50
Elsternwick,1/10/2016,1305985.67
Elsternwick,1/11/2016,1439933.00
Elsternwick,1/12/2016,1041125.00
Elsternwick,1/03/2017,1545276.00
Elsternwick,1/04/2017,923500.00
Elsternwick,1/05/2017,1284922.43
Elsternwick,1/06/2017,888745.20
Elsternwick,1/07/2017,1105750.00
Elsternwick,1/08/2017,1642200.00
Elsternwick,1/09/2017,1250000.00
Eltham,1/05/2017,855000.00
Eltham,1/06/2017,883440.90
Eltham,1/07/2017,848000.00
Eltham,1/08/2017,895428.57
Eltham,1/09/2017,894204.50
Eltham North,1/05/2017,899148.00
Eltham North,1/06/2017,896236.00
Eltham North,1/07/2017,836400.00
Eltham North,1/08/2017,927965.43
Eltham North,1/09/2017,902820.33
Elwood,1/02/2016,1395000.00
Elwood,1/04/2016,927750.00
Elwood,1/05/2016,1202869.67
Elwood,1/06/2016,1103988.53
Elwood,1/07/2016,811815.57
Elwood,1/08/2016,827995.88
Elwood,1/09/2016,968446.24
Elwood,1/10/2016,629569.71
Elwood,1/11/2016,1175118.93
Elwood,1/12/2016,758973.92
Elwood,1/02/2017,760015.93
Elwood,1/03/2017,987694.20
Elwood,1/04/2017,1107526.44
Elwood,1/05/2017,1219399.71
Elwood,1/06/2017,895012.93
Elwood,1/07/2017,754285.40
Elwood,1/08/2017,1399699.50
Elwood,1/09/2017,1174356.06
Emerald,1/07/2017,655000.00
Endeavour Hills,1/07/2017,692916.67
Endeavour Hills,1/08/2017,580000.00
Endeavour Hills,1/09/2017,655000.00
Epping,1/05/2017,494250.00
Epping,1/06/2017,597279.60
Epping,1/07/2017,575345.52
Epping,1/08/2017,589035.71
Epping,1/09/2017,567111.11
Essendon,1/02/2016,911000.00
Essendon,1/04/2016,870500.00
Essendon,1/05/2016,1015178.28
Essendon,1/06/2016,920768.50
Essendon,1/07/2016,1224285.71
Essendon,1/08/2016,939982.88
Essendon,1/09/2016,963700.00
Essendon,1/10/2016,1074837.00
Essendon,1/11/2016,1148263.85
Essendon,1/12/2016,1069060.69
Essendon,1/02/2017,1309050.00
Essendon,1/03/2017,1137816.40
Essendon,1/04/2017,873559.50
Essendon,1/05/2017,1090830.86
Essendon,1/06/2017,1009362.30
Essendon,1/07/2017,895916.67
Essendon,1/08/2017,1418769.23
Essendon,1/09/2017,1110896.57
Essendon North,1/05/2016,885000.00
Essendon North,1/06/2016,960000.00
Essendon North,1/07/2016,535038.00
Essendon North,1/08/2016,872500.00
Essendon North,1/09/2016,396000.00
Essendon North,1/11/2016,765000.00
Essendon North,1/02/2017,1425000.00
Essendon North,1/03/2017,1360000.00
Essendon North,1/04/2017,775700.00
Essendon North,1/05/2017,651666.67
Essendon North,1/06/2017,663666.67
Essendon North,1/07/2017,1160000.00
Essendon North,1/08/2017,933833.50
Essendon North,1/09/2017,967200.00
Essendon West,1/04/2016,1003605.00
Essendon West,1/05/2016,1152468.75
Essendon West,1/06/2016,895121.00
Essendon West,1/07/2016,1078333.33
Essendon West,1/08/2016,906802.50
Essendon West,1/09/2016,966201.67
Essendon West,1/10/2016,668750.00
Essendon West,1/11/2016,1030368.33
Essendon West,1/12/2016,1077500.00
Essendon West,1/02/2017,1003605.00
Essendon West,1/05/2017,1253666.67
Essendon West,1/06/2017,1390000.00
Essendon West,1/07/2017,1373718.75
Essendon West,1/09/2017,950000.00
Fairfield,1/04/2016,1065000.00
Fairfield,1/05/2016,1050158.57
Fairfield,1/06/2016,1226361.00
Fairfield,1/08/2016,1027800.00
Fairfield,1/09/2016,1066456.38
Fairfield,1/10/2016,1004666.67
Fairfield,1/11/2016,980763.83
Fairfield,1/12/2016,801666.67
Fairfield,1/02/2017,1028791.50
Fairfield,1/03/2017,1082802.40
Fairfield,1/04/2017,1327583.00
Fairfield,1/05/2017,1285727.80
Fairfield,1/06/2017,1021159.75
Fairfield,1/07/2017,1216666.67
Fairfield,1/08/2017,930000.00
Fairfield,1/09/2017,1170051.20
Fawkner,1/02/2016,645000.00
Fawkner,1/04/2016,627864.00
Fawkner,1/05/2016,581802.55
Fawkner,1/06/2016,582455.60
Fawkner,1/07/2016,576840.25
Fawkner,1/08/2016,580208.00
Fawkner,1/09/2016,638175.43
Fawkner,1/10/2016,558427.75
Fawkner,1/11/2016,624941.88
Fawkner,1/12/2016,656892.80
Fawkner,1/02/2017,711000.00
Fawkner,1/03/2017,640375.00
Fawkner,1/04/2017,615940.62
Fawkner,1/05/2017,740681.62
Fawkner,1/06/2017,740758.67
Fawkner,1/07/2017,726600.00
Fawkner,1/08/2017,743333.33
Fawkner,1/09/2017,652354.50
Ferntree Gully,1/05/2017,643500.00
Ferntree Gully,1/06/2017,852100.00
Ferntree Gully,1/07/2017,887980.73
Ferntree Gully,1/08/2017,770166.67
Ferntree Gully,1/09/2017,788620.00
Fitzroy,1/04/2016,1268608.00
Fitzroy,1/05/2016,1057730.00
Fitzroy,1/06/2016,853664.80
Fitzroy,1/07/2016,1058828.75
Fitzroy,1/08/2016,1595857.14
Fitzroy,1/09/2016,1370728.00
Fitzroy,1/11/2016,1438081.50
Fitzroy,1/02/2017,364000.00
Fitzroy,1/03/2017,1068882.67
Fitzroy,1/04/2017,1188611.22
Fitzroy,1/05/2017,1447925.93
Fitzroy,1/06/2017,1364927.43
Fitzroy,1/07/2017,641500.00
Fitzroy,1/08/2017,1753487.31
Fitzroy,1/09/2017,1561750.00
Fitzroy North,1/04/2016,1260286.40
Fitzroy North,1/05/2016,1780583.33
Fitzroy North,1/06/2016,767500.00
Fitzroy North,1/07/2016,1780733.33
Fitzroy North,1/08/2016,1104135.38
Fitzroy North,1/09/2016,1157662.89
Fitzroy North,1/10/2016,1254841.50
Fitzroy North,1/11/2016,1281622.17
Fitzroy North,1/12/2016,1249500.00
Fitzroy North,1/02/2017,1320558.50
Fitzroy North,1/03/2017,1142805.08
Fitzroy North,1/04/2017,1072073.00
Fitzroy North,1/05/2017,1227457.44
Fitzroy North,1/06/2017,1341847.43
Fitzroy North,1/07/2017,1186995.14
Fitzroy North,1/08/2017,1350135.00
Fitzroy North,1/09/2017,1406733.40
Flemington,1/04/2016,685333.33
Flemington,1/05/2016,1025833.33
Flemington,1/06/2016,722500.00
Flemington,1/07/2016,453000.00
Flemington,1/08/2016,1065809.20
Flemington,1/09/2016,895337.17
Flemington,1/10/2016,786500.00
Flemington,1/11/2016,672360.57
Flemington,1/12/2016,533250.00
Flemington,1/02/2017,509254.00
Flemington,1/03/2017,482500.00
Flemington,1/04/2017,854485.60
Flemington,1/05/2017,890375.00
Flemington,1/06/2017,1489130.75
Flemington,1/07/2017,752500.00
Flemington,1/08/2017,992652.40
Flemington,1/09/2017,907187.50
Footscray,1/02/2016,216000.00
Footscray,1/04/2016,612373.00
Footscray,1/05/2016,622601.85
Footscray,1/06/2016,615135.36
Footscray,1/07/2016,725661.92
Footscray,1/08/2016,754060.08
Footscray,1/09/2016,580713.54
Footscray,1/10/2016,648444.44
Footscray,1/11/2016,683907.92
Footscray,1/12/2016,865846.83
Footscray,1/02/2017,674013.22
Footscray,1/03/2017,593816.20
Footscray,1/04/2017,894190.08
Footscray,1/05/2017,702226.17
Footscray,1/06/2017,624844.70
Footscray,1/07/2017,685202.53
Footscray,1/08/2017,816000.00
Footscray,1/09/2017,593900.36
Forest Hill,1/05/2017,886071.50
Forest Hill,1/06/2017,982655.71
Forest Hill,1/07/2017,1017755.63
Forest Hill,1/08/2017,949077.86
Forest Hill,1/09/2017,974247.73
Frankston,1/05/2017,649756.40
Frankston,1/06/2017,735515.11
Frankston,1/07/2017,582532.40
Frankston,1/08/2017,583000.00
Frankston,1/09/2017,702600.00
Frankston North,1/06/2017,452000.00
Frankston North,1/07/2017,564500.00
Frankston North,1/08/2017,493000.00
Frankston North,1/09/2017,474500.00
Frankston South,1/05/2017,1247377.80
Frankston South,1/06/2017,860000.00
Frankston South,1/07/2017,979666.67
Frankston South,1/08/2017,1062428.57
Frankston South,1/09/2017,1146333.33
Gardenvale,1/05/2016,393000.00
Gardenvale,1/06/2016,440000.00
Gardenvale,1/08/2016,2200000.00
Gardenvale,1/11/2016,595000.00
Gardenvale,1/02/2017,1250000.00
Gardenvale,1/04/2017,1250000.00
Gisborne,1/05/2017,470000.00
Gisborne,1/06/2017,621000.00
Gisborne,1/07/2017,584666.67
Gisborne,1/08/2017,775000.00
Gisborne,1/09/2017,647366.60
Gladstone Park,1/05/2017,668333.33
Gladstone Park,1/06/2017,691800.00
Gladstone Park,1/07/2017,659200.00
Gladstone Park,1/08/2017,622825.00
Gladstone Park,1/09/2017,654500.00
Glen Huntly,1/05/2016,718125.00
Glen Huntly,1/06/2016,561750.00
Glen Huntly,1/07/2016,640000.00
Glen Huntly,1/08/2016,2575000.00
Glen Huntly,1/09/2016,612500.00
Glen Huntly,1/10/2016,820333.33
Glen Huntly,1/11/2016,820333.33
Glen Huntly,1/12/2016,780000.00
Glen Huntly,1/02/2017,542500.00
Glen Huntly,1/03/2017,1711000.00
Glen Huntly,1/04/2017,534750.00
Glen Huntly,1/05/2017,521250.00
Glen Huntly,1/06/2017,1880000.00
Glen Huntly,1/07/2017,450000.00
Glen Huntly,1/08/2017,442000.00
Glen Huntly,1/09/2017,590935.17
Glen Iris,1/04/2016,1732183.20
Glen Iris,1/05/2016,1784125.50
Glen Iris,1/06/2016,1499693.67
Glen Iris,1/07/2016,1326899.58
Glen Iris,1/08/2016,1668100.53
Glen Iris,1/09/2016,1724711.36
Glen Iris,1/10/2016,1556856.80
Glen Iris,1/11/2016,1688363.67
Glen Iris,1/12/2016,1672982.75
Glen Iris,1/02/2017,1672224.31
Glen Iris,1/03/2017,1829573.19
Glen Iris,1/04/2017,1464348.75
Glen Iris,1/05/2017,1707549.30
Glen Iris,1/06/2017,1926305.05
Glen Iris,1/07/2017,1090678.18
Glen Iris,1/08/2017,1707477.46
Glen Iris,1/09/2017,1485344.75
Glen Waverley,1/05/2017,1205484.00
Glen Waverley,1/06/2017,1467769.64
Glen Waverley,1/07/2017,1304300.88
Glen Waverley,1/08/2017,1220833.83
Glen Waverley,1/09/2017,1347853.08
Glenroy,1/04/2016,529840.50
Glenroy,1/05/2016,550736.20
Glenroy,1/06/2016,614375.25
Glenroy,1/07/2016,596834.86
Glenroy,1/08/2016,631961.54
Glenroy,1/09/2016,603749.65
Glenroy,1/10/2016,580401.38
Glenroy,1/11/2016,596749.55
Glenroy,1/12/2016,662719.33
Glenroy,1/02/2017,622790.00
Glenroy,1/03/2017,660114.59
Glenroy,1/04/2017,726074.88
Glenroy,1/05/2017,697748.38
Glenroy,1/06/2017,692158.53
Glenroy,1/07/2017,664565.44
Glenroy,1/08/2017,669541.67
Glenroy,1/09/2017,719345.48
Gowanbrae,1/04/2016,525000.00
Gowanbrae,1/05/2016,713134.00
Gowanbrae,1/06/2016,632500.00
Gowanbrae,1/07/2016,730000.00
Gowanbrae,1/08/2016,552000.00
Gowanbrae,1/09/2016,593185.33
Gowanbrae,1/11/2016,671250.00
Gowanbrae,1/12/2016,550000.00
Gowanbrae,1/02/2017,626000.00
Gowanbrae,1/03/2017,660333.33
Gowanbrae,1/04/2017,797000.00
Gowanbrae,1/05/2017,990000.00
Gowanbrae,1/06/2017,882500.00
Gowanbrae,1/07/2017,900000.00
Gowanbrae,1/08/2017,793000.00
Gowanbrae,1/09/2017,740000.00
Greensborough,1/05/2017,743113.75
Greensborough,1/06/2017,927545.45
Greensborough,1/07/2017,821384.57
Greensborough,1/08/2017,788774.21
Greensborough,1/09/2017,815647.76
Greenvale,1/05/2017,735239.43
Greenvale,1/06/2017,805050.00
Greenvale,1/07/2017,645951.33
Greenvale,1/08/2017,749000.00
Greenvale,1/09/2017,747562.44
Hadfield,1/04/2016,510000.00
Hadfield,1/05/2016,519400.00
Hadfield,1/06/2016,651289.88
Hadfield,1/07/2016,559000.00
Hadfield,1/08/2016,709193.25
Hadfield,1/09/2016,624363.67
Hadfield,1/10/2016,594666.67
Hadfield,1/11/2016,682988.23
Hadfield,1/12/2016,732431.67
Hadfield,1/02/2017,816296.00
Hadfield,1/03/2017,784591.00
Hadfield,1/04/2017,755000.00
Hadfield,1/05/2017,759693.25
Hadfield,1/06/2017,747295.50
Hadfield,1/07/2017,652971.63
Hadfield,1/08/2017,751886.50
Hadfield,1/09/2017,770000.00
Hallam,1/06/2017,640500.00
Hallam,1/07/2017,981250.00
Hallam,1/09/2017,661000.00
Hampton,1/04/2016,1567103.50
Hampton,1/05/2016,1465414.14
Hampton,1/06/2016,1410475.59
Hampton,1/07/2016,1273172.43
Hampton,1/08/2016,1756874.64
Hampton,1/09/2016,1863512.94
Hampton,1/10/2016,1176051.75
Hampton,1/11/2016,1866218.44
Hampton,1/12/2016,1570670.39
Hampton,1/02/2017,1390932.13
Hampton,1/03/2017,1531357.14
Hampton,1/04/2017,1289232.67
Hampton,1/05/2017,1718804.04
Hampton,1/06/2017,1493471.13
Hampton,1/07/2017,1621558.89
Hampton,1/08/2017,1858062.71
Hampton,1/09/2017,1989286.26
Hampton East,1/04/2016,1225000.00
Hampton East,1/05/2016,1124444.80
Hampton East,1/06/2016,852704.00
Hampton East,1/07/2016,1235000.00
Hampton East,1/08/2016,1107793.09
Hampton East,1/09/2016,1321112.00
Hampton East,1/10/2016,1117224.00
Hampton East,1/11/2016,1047537.33
Hampton East,1/12/2016,1118048.00
Hampton East,1/02/2017,951436.40
Hampton East,1/03/2017,669500.00
Hampton East,1/04/2017,976614.43
Hampton East,1/05/2017,1222651.00
Hampton East,1/06/2017,1078500.00
Hampton East,1/07/2017,1069556.00
Hampton East,1/08/2017,1185963.25
Hampton East,1/09/2017,1022772.29
Hampton Park,1/05/2017,561000.00
Hampton Park,1/06/2017,547000.00
Hampton Park,1/07/2017,511000.00
Hampton Park,1/08/2017,642833.33
Hawthorn,1/04/2016,1904850.60
Hawthorn,1/05/2016,1288945.47
Hawthorn,1/06/2016,1461775.19
Hawthorn,1/07/2016,890500.00
Hawthorn,1/08/2016,1576312.42
Hawthorn,1/09/2016,1365962.19
Hawthorn,1/10/2016,1359378.50
Hawthorn,1/11/2016,1145551.94
Hawthorn,1/12/2016,1527639.38
Hawthorn,1/02/2017,1593212.17
Hawthorn,1/03/2017,1586384.87
Hawthorn,1/04/2017,538238.36
Hawthorn,1/05/2017,1712910.91
Hawthorn,1/06/2017,1702392.56
Hawthorn,1/07/2017,870975.37
Hawthorn,1/08/2017,1392198.21
Hawthorn,1/09/2017,1483570.09
Hawthorn East,1/04/2016,1493283.75
Hawthorn East,1/05/2016,1741940.18
Hawthorn East,1/06/2016,1585629.67
Hawthorn East,1/07/2016,1461627.20
Hawthorn East,1/08/2016,1313671.61
Hawthorn East,1/09/2016,1543198.31
Hawthorn East,1/10/2016,1359361.70
Hawthorn East,1/11/2016,1366732.80
Hawthorn East,1/12/2016,1328237.33
Hawthorn East,1/02/2017,1134870.57
Hawthorn East,1/03/2017,2026561.25
Hawthorn East,1/04/2017,786827.09
Hawthorn East,1/05/2017,1518458.65
Hawthorn East,1/06/2017,1707913.31
Hawthorn East,1/07/2017,973999.80
Hawthorn East,1/08/2017,1201386.45
Hawthorn East,1/09/2017,1905782.63
Healesville,1/07/2017,650000.00
Heathmont,1/06/2017,835233.33
Heathmont,1/07/2017,987301.67
Heathmont,1/08/2017,1094250.00
Heathmont,1/09/2017,921518.57
Heidelberg,1/04/2016,780000.00
Heidelberg,1/05/2016,862451.83
Heidelberg,1/06/2016,1053375.00
Heidelberg,1/07/2016,1152500.00
Heidelberg,1/08/2016,765000.00
Heidelberg,1/09/2016,1026403.45
Heidelberg,1/10/2016,577344.00
Heidelberg,1/11/2016,992897.56
Heidelberg,1/12/2016,693289.00
Heidelberg,1/02/2017,1036122.33
Heidelberg,1/03/2017,717618.80
Heidelberg,1/04/2017,898436.43
Heidelberg,1/05/2017,848836.00
Heidelberg,1/06/2017,986519.50
Heidelberg,1/07/2017,1063443.00
Heidelberg,1/08/2017,807500.00
Heidelberg,1/09/2017,1097500.00
Heidelberg Heights,1/04/2016,652000.00
Heidelberg Heights,1/05/2016,648325.14
Heidelberg Heights,1/06/2016,653435.20
Heidelberg Heights,1/07/2016,677166.67
Heidelberg Heights,1/08/2016,854879.33
Heidelberg Heights,1/09/2016,716500.00
Heidelberg Heights,1/11/2016,705526.86
Heidelberg Heights,1/12/2016,751012.80
Heidelberg Heights,1/02/2017,812093.75
Heidelberg Heights,1/03/2017,878666.67
Heidelberg Heights,1/04/2017,713197.00
Heidelberg Heights,1/05/2017,782786.67
Heidelberg Heights,1/06/2017,747783.56
Heidelberg Heights,1/07/2017,740000.00
Heidelberg Heights,1/08/2017,829786.22
Heidelberg Heights,1/09/2017,836197.00
Heidelberg West,1/04/2016,713125.00
Heidelberg West,1/05/2016,557361.11
Heidelberg West,1/06/2016,531791.75
Heidelberg West,1/07/2016,440500.00
Heidelberg West,1/08/2016,570000.00
Heidelberg West,1/09/2016,684519.83
Heidelberg West,1/10/2016,577810.50
Heidelberg West,1/11/2016,693750.00
Heidelberg West,1/12/2016,642475.40
Heidelberg West,1/02/2017,737400.00
Heidelberg West,1/03/2017,667510.67
Heidelberg West,1/04/2017,798000.00
Heidelberg West,1/05/2017,619915.78
Heidelberg West,1/06/2017,875000.00
Heidelberg West,1/07/2017,642444.44
Heidelberg West,1/08/2017,638550.80
Heidelberg West,1/09/2017,705333.33
Highett,1/05/2017,1418131.50
Highett,1/06/2017,1088108.10
Highett,1/07/2017,1147900.94
Highett,1/08/2017,1299444.44
Highett,1/09/2017,1069958.33
Hillside,1/05/2017,629500.00
Hillside,1/06/2017,541666.67
Hillside,1/07/2017,618975.00
Hillside,1/08/2017,693509.33
Hillside,1/09/2017,693928.57
Hoppers Crossing,1/05/2017,520319.27
Hoppers Crossing,1/06/2017,584065.57
Hoppers Crossing,1/07/2017,557132.00
Hoppers Crossing,1/08/2017,524389.22
Hoppers Crossing,1/09/2017,556944.41
Hughesdale,1/04/2016,455000.00
Hughesdale,1/05/2016,999438.67
Hughesdale,1/06/2016,648000.00
Hughesdale,1/07/2016,915000.00
Hughesdale,1/08/2016,1282666.67
Hughesdale,1/09/2016,1079620.86
Hughesdale,1/10/2016,1123831.60
Hughesdale,1/11/2016,1060100.00
Hughesdale,1/12/2016,1325343.75
Hughesdale,1/02/2017,1394173.00
Hughesdale,1/03/2017,855000.00
Hughesdale,1/04/2017,812666.67
Hughesdale,1/05/2017,1270165.43
Hughesdale,1/06/2017,865343.75
Hughesdale,1/07/2017,862666.67
Hughesdale,1/08/2017,1285052.67
Hughesdale,1/09/2017,1044750.00
Huntingdale,1/06/2017,1119400.00
Huntingdale,1/07/2017,870000.00
Huntingdale,1/08/2017,1190000.00
Huntingdale,1/09/2017,1142500.00
Hurstbridge,1/08/2017,790000.00
Ivanhoe,1/04/2016,721979.40
Ivanhoe,1/05/2016,1170882.09
Ivanhoe,1/06/2016,1417316.11
Ivanhoe,1/07/2016,997105.33
Ivanhoe,1/08/2016,1017014.50
Ivanhoe,1/09/2016,1099112.15
Ivanhoe,1/10/2016,1144754.86
Ivanhoe,1/11/2016,1081579.12
Ivanhoe,1/12/2016,747250.00
Ivanhoe,1/02/2017,1296311.57
Ivanhoe,1/03/2017,1550796.75
Ivanhoe,1/04/2017,1338020.11
Ivanhoe,1/05/2017,1289297.67
Ivanhoe,1/06/2017,1189718.10
Ivanhoe,1/07/2017,1569907.27
Ivanhoe,1/08/2017,1157349.25
Ivanhoe,1/09/2017,1222923.29
Ivanhoe East,1/04/2016,1744182.00
Ivanhoe East,1/05/2016,1858841.00
Ivanhoe East,1/06/2016,1875000.00
Ivanhoe East,1/07/2016,1085500.00
Ivanhoe East,1/08/2016,1227500.00
Ivanhoe East,1/10/2016,1840000.00
Ivanhoe East,1/11/2016,2274000.00
Ivanhoe East,1/12/2016,2295000.00
Ivanhoe East,1/02/2017,2850000.00
Ivanhoe East,1/05/2017,2041000.00
Ivanhoe East,1/06/2017,1680272.80
Ivanhoe East,1/07/2017,1880333.33
Ivanhoe East,1/08/2017,2333333.33
Ivanhoe East,1/09/2017,1471363.67
Jacana,1/02/2016,461000.00
Jacana,1/04/2016,352500.00
Jacana,1/05/2016,474166.67
Jacana,1/06/2016,475500.00
Jacana,1/07/2016,421000.00
Jacana,1/08/2016,398000.00
Jacana,1/09/2016,460000.00
Jacana,1/11/2016,495000.00
Jacana,1/12/2016,488600.00
Jacana,1/02/2017,611000.00
Jacana,1/03/2017,544000.00
Jacana,1/04/2017,536266.67
Jacana,1/05/2017,550875.00
Jacana,1/06/2017,556000.00
Jacana,1/07/2017,548114.29
Jacana,1/08/2017,545000.00
Jacana,1/09/2017,564650.00
Kealba,1/05/2016,407500.00
Kealba,1/06/2016,375500.00
Kealba,1/07/2016,563500.00
Kealba,1/08/2016,583333.33
Kealba,1/09/2016,595364.50
Kealba,1/10/2016,747500.00
Kealba,1/11/2016,606000.00
Kealba,1/12/2016,573500.00
Kealba,1/03/2017,633455.00
Kealba,1/04/2017,608000.00
Kealba,1/05/2017,678500.00
Kealba,1/06/2017,633455.00
Kealba,1/07/2017,590000.00
Kealba,1/09/2017,661000.00
Keilor,1/05/2017,895000.00
Keilor,1/06/2017,875000.00
Keilor,1/07/2017,769750.00
Keilor,1/08/2017,818500.00
Keilor,1/09/2017,732833.33
Keilor Downs,1/05/2017,617000.00
Keilor Downs,1/06/2017,637157.14
Keilor Downs,1/07/2017,649000.00
Keilor Downs,1/08/2017,711800.20
Keilor Downs,1/09/2017,700000.00
Keilor East,1/04/2016,732500.00
Keilor East,1/05/2016,688952.53
Keilor East,1/06/2016,772784.62
Keilor East,1/07/2016,827000.00
Keilor East,1/08/2016,692508.44
Keilor East,1/09/2016,730143.11
Keilor East,1/10/2016,771250.00
Keilor East,1/11/2016,816297.23
Keilor East,1/12/2016,766357.33
Keilor East,1/02/2017,600750.00
Keilor East,1/03/2017,746687.50
Keilor East,1/04/2017,816064.00
Keilor East,1/05/2017,837424.25
Keilor East,1/06/2017,1196521.25
Keilor East,1/07/2017,909545.45
Keilor East,1/08/2017,957136.36
Keilor East,1/09/2017,908144.44
Keilor Lodge,1/07/2017,640000.00
Keilor Lodge,1/09/2017,680000.00
Keilor Park,1/05/2016,615666.67
Keilor Park,1/06/2016,544833.33
Keilor Park,1/07/2016,685000.00
Keilor Park,1/09/2016,475000.00
Keilor Park,1/10/2016,685000.00
Keilor Park,1/11/2016,558666.67
Keilor Park,1/12/2016,766000.00
Keilor Park,1/02/2017,843000.00
Keilor Park,1/03/2017,820500.00
Keilor Park,1/04/2017,716333.33
Keilor Park,1/05/2017,752500.00
Keilor Park,1/06/2017,680000.00
Keilor Park,1/07/2017,701000.00
Keilor Park,1/08/2017,821000.00
Keilor Park,1/09/2017,680000.00
Kensington,1/04/2016,891750.00
Kensington,1/05/2016,863216.88
Kensington,1/06/2016,588995.36
Kensington,1/07/2016,866500.00
Kensington,1/08/2016,789158.83
Kensington,1/09/2016,858714.10
Kensington,1/10/2016,977517.63
Kensington,1/11/2016,898035.90
Kensington,1/12/2016,680794.88
Kensington,1/02/2017,975873.00
Kensington,1/03/2017,792000.00
Kensington,1/04/2017,824654.92
Kensington,1/05/2017,790611.11
Kensington,1/06/2017,851296.85
Kensington,1/07/2017,636739.93
Kensington,1/08/2017,1034250.00
Kensington,1/09/2017,891450.00
Kew,1/04/2016,1805286.25
Kew,1/05/2016,2046840.56
Kew,1/06/2016,1748761.67
Kew,1/07/2016,1299690.78
Kew,1/08/2016,1984799.38
Kew,1/09/2016,1920079.38
Kew,1/10/2016,1621432.69
Kew,1/11/2016,1923601.18
Kew,1/12/2016,1779377.17
Kew,1/02/2017,1781368.00
Kew,1/03/2017,2177499.57
Kew,1/04/2017,1478768.33
Kew,1/05/2017,1770039.22
Kew,1/06/2017,1717396.14
Kew,1/07/2017,1313336.42
Kew,1/08/2017,1877610.00
Kew,1/09/2017,2151629.80
Kew East,1/04/2016,2081000.00
Kew East,1/05/2016,1661121.00
Kew East,1/06/2016,1770000.00
Kew East,1/07/2016,1615972.00
Kew East,1/08/2016,1277996.00
Kew East,1/09/2016,1474301.23
Kew East,1/10/2016,1944600.00
Kew East,1/11/2016,1657947.13
Kew East,1/12/2016,2121166.50
Kew East,1/02/2017,1378718.00
Kew East,1/03/2017,2119261.00
Kew East,1/04/2017,1960750.00
Kew East,1/05/2017,1407460.91
Kew East,1/06/2017,2003243.00
Kew East,1/07/2017,1325990.67
Kew East,1/08/2017,1733049.33
Kew East,1/09/2017,1722324.93
Keysborough,1/05/2017,1017200.00
Keysborough,1/06/2017,748500.00
Keysborough,1/07/2017,754200.00
Keysborough,1/08/2017,930000.00
Keysborough,1/09/2017,806933.33
Kilsyth,1/06/2017,721750.00
Kilsyth,1/07/2017,811000.00
Kilsyth,1/08/2017,764333.33
Kilsyth,1/09/2017,762000.00
Kings Park,1/05/2017,520000.00
Kings Park,1/06/2017,553600.00
Kings Park,1/07/2017,538333.33
Kings Park,1/08/2017,556800.00
Kings Park,1/09/2017,573300.00
Kingsbury,1/05/2016,635000.00
Kingsbury,1/06/2016,568500.00
Kingsbury,1/07/2016,705500.00
Kingsbury,1/08/2016,599000.00
Kingsbury,1/10/2016,980000.00
Kingsbury,1/11/2016,768722.25
Kingsbury,1/12/2016,480000.00
Kingsbury,1/02/2017,689000.00
Kingsbury,1/03/2017,731000.00
Kingsbury,1/05/2017,488000.00
Kingsbury,1/06/2017,1025000.50
Kingsbury,1/07/2017,672750.00
Kingsbury,1/08/2017,900000.00
Kingsbury,1/09/2017,632750.00
Kingsville,1/05/2016,669000.00
Kingsville,1/06/2016,1114226.67
Kingsville,1/07/2016,720753.25
Kingsville,1/08/2016,859812.50
Kingsville,1/09/2016,892536.00
Kingsville,1/10/2016,595000.00
Kingsville,1/11/2016,998333.33
Kingsville,1/12/2016,895440.00
Kingsville,1/02/2017,1085000.00
Kingsville,1/03/2017,834253.25
Kingsville,1/04/2017,860000.00
Kingsville,1/05/2017,1014500.00
Kingsville,1/06/2017,964226.67
Kingsville,1/07/2017,513892.50
Kingsville,1/08/2017,735000.00
Kingsville,1/09/2017,874063.33
Knoxfield,1/05/2017,1060466.67
Knoxfield,1/07/2017,1040000.00
Knoxfield,1/08/2017,749500.00
Kooyong,1/09/2016,926667.00
Kooyong,1/10/2016,1290000.00
Kooyong,1/11/2016,1538416.75
Kooyong,1/02/2017,2447500.00
Kooyong,1/03/2017,1706000.00
Kooyong,1/06/2017,1188000.00
Kooyong,1/07/2017,926667.00
Kooyong,1/08/2017,1950000.00
Kurunjang,1/07/2017,355666.67
Kurunjang,1/08/2017,373250.00
Kurunjang,1/09/2017,296000.00
Lalor,1/05/2017,553000.00
Lalor,1/06/2017,582862.50
Lalor,1/07/2017,644312.50
Lalor,1/08/2017,628650.00
Lalor,1/09/2017,690409.09
Langwarrin,1/06/2017,400000.00
Langwarrin,1/07/2017,603125.00
Langwarrin,1/08/2017,757375.00
Langwarrin,1/09/2017,554650.00
Lower Plenty,1/05/2017,650000.00
Lower Plenty,1/07/2017,936000.00
Lower Plenty,1/08/2017,764000.00
Lower Plenty,1/09/2017,936000.00
Maidstone,1/02/2016,1063500.00
Maidstone,1/04/2016,616661.67
Maidstone,1/05/2016,674000.00
Maidstone,1/06/2016,572652.33
Maidstone,1/07/2016,706250.00
Maidstone,1/08/2016,631823.78
Maidstone,1/09/2016,751356.07
Maidstone,1/10/2016,699812.50
Maidstone,1/11/2016,854663.33
Maidstone,1/12/2016,652285.71
Maidstone,1/02/2017,666250.00
Maidstone,1/03/2017,628239.25
Maidstone,1/04/2017,721017.75
Maidstone,1/05/2017,726918.50
Maidstone,1/06/2017,717871.25
Maidstone,1/07/2017,709683.42
Maidstone,1/08/2017,672062.50
Maidstone,1/09/2017,710065.29
Malvern,1/04/2016,1437000.00
Malvern,1/05/2016,1724318.50
Malvern,1/06/2016,1905099.83
Malvern,1/07/2016,1932232.11
Malvern,1/08/2016,2723374.15
Malvern,1/09/2016,1851407.00
Malvern,1/10/2016,1136618.71
Malvern,1/11/2016,1841384.81
Malvern,1/12/2016,2561862.80
Malvern,1/02/2017,2389282.64
Malvern,1/03/2017,1904049.75
Malvern,1/04/2017,1098481.33
Malvern,1/05/2017,2060035.62
Malvern,1/06/2017,2500948.31
Malvern,1/07/2017,456500.00
Malvern,1/08/2017,2098923.43
Malvern,1/09/2017,1984944.29
Malvern East,1/02/2016,350000.00
Malvern East,1/04/2016,1347483.60
Malvern East,1/05/2016,1463641.38
Malvern East,1/06/2016,1352624.93
Malvern East,1/07/2016,1420260.08
Malvern East,1/08/2016,1655067.59
Malvern East,1/09/2016,1286929.61
Malvern East,1/10/2016,1499405.14
Malvern East,1/11/2016,1395763.41
Malvern East,1/12/2016,1841274.76
Malvern East,1/02/2017,1632715.20
Malvern East,1/03/2017,1516512.05
Malvern East,1/04/2017,1508190.86
Malvern East,1/05/2017,1582281.70
Malvern East,1/06/2017,1947948.83
Malvern East,1/07/2017,1338916.71
Malvern East,1/08/2017,1867127.50
Malvern East,1/09/2017,1542730.00
Maribyrnong,1/02/2016,560000.00
Maribyrnong,1/04/2016,827941.00
Maribyrnong,1/05/2016,737722.57
Maribyrnong,1/06/2016,773950.00
Maribyrnong,1/07/2016,644203.18
Maribyrnong,1/08/2016,769182.80
Maribyrnong,1/09/2016,869659.50
Maribyrnong,1/10/2016,916776.40
Maribyrnong,1/11/2016,742762.94
Maribyrnong,1/12/2016,649897.00
Maribyrnong,1/02/2017,888000.00
Maribyrnong,1/03/2017,797509.80
Maribyrnong,1/04/2017,879400.00
Maribyrnong,1/05/2017,913478.55
Maribyrnong,1/06/2017,885026.11
Maribyrnong,1/07/2017,789259.27
Maribyrnong,1/08/2017,1176911.70
Maribyrnong,1/09/2017,733965.18
Mckinnon,1/05/2017,1250000.00
Mckinnon,1/06/2017,1348951.43
Mckinnon,1/07/2017,1168000.00
Mckinnon,1/08/2017,1426614.29
Mckinnon,1/09/2017,1393100.00
Meadow Heights,1/06/2017,467000.00
Meadow Heights,1/07/2017,471858.00
Meadow Heights,1/08/2017,535000.00
Meadow Heights,1/09/2017,496643.80
Melbourne,1/02/2016,520000.00
Melbourne,1/04/2016,600250.00
Melbourne,1/05/2016,681033.35
Melbourne,1/06/2016,1028312.67
Melbourne,1/07/2016,693558.33
Melbourne,1/08/2016,481257.44
Melbourne,1/09/2016,675424.31
Melbourne,1/10/2016,590855.18
Melbourne,1/11/2016,618351.94
Melbourne,1/12/2016,665802.33
Melbourne,1/02/2017,871938.00
Melbourne,1/03/2017,869789.89
Melbourne,1/04/2017,813543.00
Melbourne,1/05/2017,710214.29
Melbourne,1/06/2017,701103.20
Melbourne,1/07/2017,599581.40
Melbourne,1/08/2017,645604.67
Melbourne,1/09/2017,730051.25
Melton,1/05/2017,295000.00
Melton,1/06/2017,400514.40
Melton,1/07/2017,422457.20
Melton,1/08/2017,481333.33
Melton,1/09/2017,408800.00
Melton South,1/05/2017,347500.00
Melton South,1/06/2017,392118.00
Melton South,1/07/2017,362314.08
Melton South,1/08/2017,398333.33
Melton South,1/09/2017,385983.20
Melton West,1/05/2017,410000.00
Melton West,1/06/2017,377500.00
Melton West,1/07/2017,420529.25
Melton West,1/08/2017,600000.00
Melton West,1/09/2017,432773.86
Mentone,1/05/2017,1247500.00
Mentone,1/06/2017,816100.00
Mentone,1/07/2017,950400.00
Mentone,1/08/2017,1147850.00
Mentone,1/09/2017,902714.29
Mernda,1/05/2017,730000.00
Mernda,1/06/2017,546927.00
Mernda,1/07/2017,655727.63
Mernda,1/08/2017,630400.00
Mernda,1/09/2017,605723.14
Mickleham,1/07/2017,570000.00
Mickleham,1/09/2017,450000.00
Middle Park,1/04/2016,1321206.33
Middle Park,1/05/2016,1020000.00
Middle Park,1/06/2016,2250333.33
Middle Park,1/07/2016,2366746.00
Middle Park,1/08/2016,1800000.00
Middle Park,1/09/2016,4500000.00
Middle Park,1/10/2016,1194769.00
Middle Park,1/11/2016,2375000.00
Middle Park,1/12/2016,2288500.00
Middle Park,1/02/2017,1920000.00
Middle Park,1/03/2017,2075384.50
Middle Park,1/04/2017,1747500.00
Middle Park,1/05/2017,2629723.80
Middle Park,1/06/2017,2485732.13
Middle Park,1/07/2017,2238619.00
Middle Park,1/08/2017,2603333.33
Middle Park,1/09/2017,2359055.43
Mill Park,1/05/2017,619625.00
Mill Park,1/06/2017,619027.69
Mill Park,1/07/2017,675019.26
Mill Park,1/08/2017,557240.50
Mill Park,1/09/2017,663079.10
Mitcham,1/05/2017,895886.38
Mitcham,1/06/2017,1046552.09
Mitcham,1/07/2017,964777.78
Mitcham,1/08/2017,896780.00
Mitcham,1/09/2017,1040994.94
Mont Albert,1/02/2016,750000.00
Mont Albert,1/05/2016,1114204.33
Mont Albert,1/06/2016,1720700.00
Mont Albert,1/07/2016,908000.00
Mont Albert,1/08/2016,1857353.00
Mont Albert,1/09/2016,1570975.00
Mont Albert,1/10/2016,1268333.33
Mont Albert,1/11/2016,1555387.50
Mont Albert,1/12/2016,1169495.20
Mont Albert,1/02/2017,3079706.00
Mont Albert,1/03/2017,2039497.67
Mont Albert,1/04/2017,1316955.20
Mont Albert,1/05/2017,1457041.67
Mont Albert,1/06/2017,1746266.67
Mont Albert,1/07/2017,1789295.20
Mont Albert,1/08/2017,1929706.00
Mont Albert,1/09/2017,1485365.22
Montmorency,1/05/2017,960750.00
Montmorency,1/06/2017,699000.00
Montmorency,1/07/2017,921306.40
Montmorency,1/08/2017,841720.00
Montmorency,1/09/2017,813250.00
Montrose,1/07/2017,735000.00
Moonee Ponds,1/04/2016,1278000.00
Moonee Ponds,1/05/2016,1037698.86
Moonee Ponds,1/06/2016,1140430.33
Moonee Ponds,1/07/2016,1010504.71
Moonee Ponds,1/08/2016,906541.44
Moonee Ponds,1/09/2016,934324.45
Moonee Ponds,1/10/2016,1146079.73
Moonee Ponds,1/11/2016,981782.54
Moonee Ponds,1/12/2016,1241992.33
Moonee Ponds,1/02/2017,1208333.33
Moonee Ponds,1/03/2017,1212870.54
Moonee Ponds,1/04/2017,1160222.81
Moonee Ponds,1/05/2017,1377570.09
Moonee Ponds,1/06/2017,989964.94
Moonee Ponds,1/07/2017,1245242.33
Moonee Ponds,1/08/2017,1135125.00
Moonee Ponds,1/09/2017,1087860.40
Moorabbin,1/02/2016,1417250.00
Moorabbin,1/04/2016,910000.00
Moorabbin,1/05/2016,974884.20
Moorabbin,1/06/2016,996925.00
Moorabbin,1/07/2016,824857.14
Moorabbin,1/08/2016,919280.67
Moorabbin,1/09/2016,962458.33
Moorabbin,1/10/2016,935710.50
Moorabbin,1/11/2016,863250.00
Moorabbin,1/12/2016,988025.00
Moorabbin,1/02/2017,1076312.50
Moorabbin,1/03/2017,1073750.00
Moorabbin,1/04/2017,1021405.00
Moorabbin,1/05/2017,931750.00
Moorabbin,1/06/2017,1190960.50
Moorabbin,1/07/2017,1087500.00
Moorabbin,1/08/2017,1087666.67
Moorabbin,1/09/2017,1044375.00
Mooroolbark,1/06/2017,723350.00
Mooroolbark,1/07/2017,729898.86
Mooroolbark,1/08/2017,780908.40
Mooroolbark,1/09/2017,749010.50
Mordialloc,1/06/2017,981623.36
Mordialloc,1/07/2017,875666.67
Mordialloc,1/08/2017,1377000.00
Mordialloc,1/09/2017,903485.71
Mount Evelyn,1/06/2017,620000.00
Mount Evelyn,1/08/2017,515000.00
Mount Waverley,1/05/2017,1292428.13
Mount Waverley,1/06/2017,1241051.96
Mount Waverley,1/07/2017,1444873.61
Mount Waverley,1/08/2017,1457993.50
Mount Waverley,1/09/2017,1388312.20
Mulgrave,1/05/2017,1001304.50
Mulgrave,1/06/2017,1010803.31
Mulgrave,1/07/2017,1509784.06
Mulgrave,1/08/2017,922333.33
Mulgrave,1/09/2017,912083.33
Murrumbeena,1/02/2016,1206607.00
Murrumbeena,1/04/2016,963303.50
Murrumbeena,1/05/2016,1156633.30
Murrumbeena,1/06/2016,1038439.36
Murrumbeena,1/07/2016,921125.00
Murrumbeena,1/08/2016,1075215.56
Murrumbeena,1/09/2016,632571.50
Murrumbeena,1/10/2016,864857.20
Murrumbeena,1/11/2016,1060000.00
Murrumbeena,1/12/2016,1146816.17
Murrumbeena,1/02/2017,1046000.00
Murrumbeena,1/03/2017,1048767.83
Murrumbeena,1/04/2017,713761.11
Murrumbeena,1/05/2017,1157161.67
Murrumbeena,1/06/2017,1017797.57
Murrumbeena,1/07/2017,1073961.09
Murrumbeena,1/08/2017,1237803.50
Murrumbeena,1/09/2017,1040255.18
Narre Warren,1/05/2017,736167.00
Narre Warren,1/06/2017,581250.00
Narre Warren,1/07/2017,617232.00
Narre Warren,1/08/2017,612500.00
Narre Warren,1/09/2017,763222.33
New Gisborne,1/09/2017,690000.00
Newport,1/04/2016,743714.29
Newport,1/05/2016,1030425.27
Newport,1/06/2016,963942.92
Newport,1/07/2016,871536.75
Newport,1/08/2016,1213720.44
Newport,1/09/2016,956540.82
Newport,1/10/2016,906143.78
Newport,1/11/2016,998736.79
Newport,1/12/2016,924666.67
Newport,1/02/2017,1088571.43
Newport,1/03/2017,946032.67
Newport,1/04/2017,1201688.89
Newport,1/05/2017,1254562.69
Newport,1/06/2017,1063699.00
Newport,1/07/2017,867533.25
Newport,1/08/2017,942847.25
Newport,1/09/2017,1083991.44
Niddrie,1/04/2016,963000.00
Niddrie,1/05/2016,897246.45
Niddrie,1/06/2016,784205.22
Niddrie,1/07/2016,741916.67
Niddrie,1/08/2016,1002500.00
Niddrie,1/09/2016,959062.50
Niddrie,1/10/2016,727500.00
Niddrie,1/11/2016,943300.00
Niddrie,1/12/2016,906333.33
Niddrie,1/02/2017,809950.00
Niddrie,1/03/2017,1197000.00
Niddrie,1/04/2017,1002142.86
Niddrie,1/05/2017,889100.00
Niddrie,1/06/2017,1328569.40
Niddrie,1/07/2017,979000.00
Niddrie,1/08/2017,1165141.17
Niddrie,1/09/2017,1137888.89
Noble Park,1/05/2017,715883.33
Noble Park,1/06/2017,681323.33
Noble Park,1/07/2017,634584.67
Noble Park,1/08/2017,585772.75
Noble Park,1/09/2017,574314.60
North Melbourne,1/04/2016,793598.00
North Melbourne,1/05/2016,781344.86
North Melbourne,1/06/2016,1016250.00
North Melbourne,1/07/2016,596857.00
North Melbourne,1/08/2016,756034.50
North Melbourne,1/09/2016,1282525.00
North Melbourne,1/10/2016,993187.50
North Melbourne,1/11/2016,624111.07
North Melbourne,1/12/2016,708553.50
North Melbourne,1/02/2017,1064931.33
North Melbourne,1/03/2017,1003000.00
North Melbourne,1/04/2017,729566.67
North Melbourne,1/05/2017,1408948.50
North Melbourne,1/06/2017,744569.78
North Melbourne,1/07/2017,742533.33
North Melbourne,1/08/2017,1061829.33
North Melbourne,1/09/2017,973870.43
North Warrandyte,1/06/2017,1550000.00
North Warrandyte,1/09/2017,902000.00
Northcote,1/02/2016,882474.00
Northcote,1/04/2016,1271000.00
Northcote,1/05/2016,1189890.86
Northcote,1/06/2016,1352909.63
Northcote,1/07/2016,1590570.91
Northcote,1/08/2016,1250894.17
Northcote,1/09/2016,1139151.93
Northcote,1/10/2016,1295418.80
Northcote,1/11/2016,1260668.00
Northcote,1/12/2016,1154601.64
Northcote,1/02/2017,977329.00
Northcote,1/03/2017,1281496.27
Northcote,1/04/2017,1059594.15
Northcote,1/05/2017,1356676.10
Northcote,1/06/2017,1096805.71
Northcote,1/07/2017,1214721.53
Northcote,1/08/2017,1284182.00
Northcote,1/09/2017,1238706.48
Notting Hill,1/06/2017,840000.00
Notting Hill,1/07/2017,1211000.00
Notting Hill,1/08/2017,1001000.00
Notting Hill,1/09/2017,1164500.00
Nunawading,1/05/2017,1194000.00
Nunawading,1/06/2017,1040214.31
Nunawading,1/07/2017,957287.25
Nunawading,1/08/2017,1011737.29
Nunawading,1/09/2017,946547.67
Oak Park,1/04/2016,728179.67
Oak Park,1/05/2016,799561.17
Oak Park,1/06/2016,785400.00
Oak Park,1/07/2016,752750.00
Oak Park,1/08/2016,689419.71
Oak Park,1/09/2016,694295.33
Oak Park,1/10/2016,745565.67
Oak Park,1/11/2016,832288.22
Oak Park,1/12/2016,723421.00
Oak Park,1/02/2017,872769.50
Oak Park,1/03/2017,967750.00
Oak Park,1/04/2017,781299.25
Oak Park,1/05/2017,1023833.33
Oak Park,1/06/2017,838937.73
Oak Park,1/07/2017,934333.33
Oak Park,1/08/2017,928000.00
Oak Park,1/09/2017,860500.00
Oakleigh,1/04/2016,995167.00
Oakleigh,1/05/2016,837500.00
Oakleigh,1/06/2016,823833.38
Oakleigh,1/07/2016,838533.25
Oakleigh,1/08/2016,703250.00
Oakleigh,1/09/2016,1016345.75
Oakleigh,1/10/2016,884069.50
Oakleigh,1/11/2016,1158569.64
Oakleigh,1/02/2017,1243566.50
Oakleigh,1/03/2017,975733.40
Oakleigh,1/04/2017,1717500.00
Oakleigh,1/05/2017,1121285.71
Oakleigh,1/06/2017,1493000.00
Oakleigh,1/07/2017,1323389.00
Oakleigh,1/08/2017,1216666.67
Oakleigh,1/09/2017,974402.83
Oakleigh East,1/05/2017,1102000.00
Oakleigh East,1/06/2017,1046444.50
Oakleigh East,1/07/2017,941666.67
Oakleigh East,1/08/2017,905000.00
Oakleigh East,1/09/2017,1102666.67
Oakleigh South,1/02/2016,876000.00
Oakleigh South,1/05/2016,858857.80
Oakleigh South,1/06/2016,791679.67
Oakleigh South,1/07/2016,901211.75
Oakleigh South,1/08/2016,1144250.00
Oakleigh South,1/09/2016,886812.50
Oakleigh South,1/10/2016,979250.00
Oakleigh South,1/11/2016,917988.94
Oakleigh South,1/12/2016,1101750.00
Oakleigh South,1/02/2017,1046133.40
Oakleigh South,1/03/2017,1089757.80
Oakleigh South,1/04/2017,988724.63
Oakleigh South,1/05/2017,1103322.25
Oakleigh South,1/06/2017,1154921.00
Oakleigh South,1/07/2017,1018487.91
Oakleigh South,1/08/2017,966639.60
Oakleigh South,1/09/2017,1090901.00
Officer,1/07/2017,559000.00
Ormond,1/02/2016,250000.00
Ormond,1/04/2016,990700.00
Ormond,1/05/2016,727666.67
Ormond,1/06/2016,1133400.00
Ormond,1/07/2016,792000.00
Ormond,1/08/2016,1250714.29
Ormond,1/09/2016,1348626.88
Ormond,1/10/2016,1414285.71
Ormond,1/11/2016,1113722.22
Ormond,1/12/2016,1392217.00
Ormond,1/02/2017,960333.33
Ormond,1/03/2017,1369534.29
Ormond,1/04/2017,1194360.00
Ormond,1/05/2017,1311407.78
Ormond,1/06/2017,647000.00
Ormond,1/07/2017,727440.83
Ormond,1/08/2017,1143838.50
Ormond,1/09/2017,1293644.44
Pakenham,1/05/2017,488200.00
Pakenham,1/06/2017,460250.00
Pakenham,1/07/2017,539250.00
Pakenham,1/08/2017,442000.00
Parkdale,1/05/2017,1386500.00
Parkdale,1/06/2017,1179629.67
Parkdale,1/07/2017,1071493.11
Parkdale,1/08/2017,1162714.29
Parkdale,1/09/2017,968192.00
Parkville,1/04/2016,436562.00
Parkville,1/05/2016,1340000.00
Parkville,1/06/2016,2118464.50
Parkville,1/07/2016,638000.00
Parkville,1/08/2016,1147650.00
Parkville,1/09/2016,1579000.00
Parkville,1/10/2016,1029900.00
Parkville,1/11/2016,1276916.67
Parkville,1/12/2016,1360000.00
Parkville,1/02/2017,637890.00
Parkville,1/04/2017,500000.00
Parkville,1/05/2017,2120200.00
Parkville,1/06/2017,1250225.00
Parkville,1/07/2017,965280.00
Parkville,1/08/2017,1130560.00
Pascoe Vale,1/04/2016,672535.11
Pascoe Vale,1/05/2016,613384.00
Pascoe Vale,1/06/2016,657452.73
Pascoe Vale,1/07/2016,675573.85
Pascoe Vale,1/08/2016,636065.41
Pascoe Vale,1/09/2016,759126.86
Pascoe Vale,1/10/2016,808301.45
Pascoe Vale,1/11/2016,806938.58
Pascoe Vale,1/12/2016,783467.67
Pascoe Vale,1/02/2017,750806.20
Pascoe Vale,1/03/2017,881859.75
Pascoe Vale,1/04/2017,789794.22
Pascoe Vale,1/05/2017,742528.93
Pascoe Vale,1/06/2017,809014.58
Pascoe Vale,1/07/2017,808737.38
Pascoe Vale,1/08/2017,695851.76
Pascoe Vale,1/09/2017,795482.74
Patterson Lakes,1/06/2017,670000.00
Patterson Lakes,1/08/2017,670000.00
Patterson Lakes,1/09/2017,670000.00
Plumpton,1/09/2017,625500.00
Point Cook,1/05/2017,686000.00
Point Cook,1/06/2017,645689.40
Point Cook,1/07/2017,663120.20
Point Cook,1/08/2017,620600.00
Point Cook,1/09/2017,666631.55
Port Melbourne,1/02/2016,550000.00
Port Melbourne,1/04/2016,1183750.56
Port Melbourne,1/05/2016,1171272.46
Port Melbourne,1/06/2016,1071209.76
Port Melbourne,1/07/2016,1310857.00
Port Melbourne,1/08/2016,1015216.09
Port Melbourne,1/09/2016,1139587.67
Port Melbourne,1/10/2016,1326166.50
Port Melbourne,1/11/2016,1214239.75
Port Melbourne,1/12/2016,1416986.29
Port Melbourne,1/02/2017,1381707.00
Port Melbourne,1/03/2017,1320490.14
Port Melbourne,1/04/2017,1335130.90
Port Melbourne,1/05/2017,1281866.33
Port Melbourne,1/06/2017,1194655.25
Port Melbourne,1/07/2017,1361114.18
Port Melbourne,1/08/2017,1591273.64
Port Melbourne,1/09/2017,1371851.31
Prahran,1/04/2016,1113061.56
Prahran,1/05/2016,1311823.24
Prahran,1/06/2016,1024994.82
Prahran,1/07/2016,1262841.86
Prahran,1/08/2016,888014.47
Prahran,1/09/2016,1042855.58
Prahran,1/10/2016,1144650.60
Prahran,1/11/2016,1140444.30
Prahran,1/12/2016,1145032.18
Prahran,1/02/2017,1352289.50
Prahran,1/03/2017,1123231.96
Prahran,1/04/2017,1138764.18
Prahran,1/05/2017,1060799.41
Prahran,1/06/2017,1235648.67
Prahran,1/07/2017,766402.55
Prahran,1/08/2017,1480840.00
Prahran,1/09/2017,1315460.37
Preston,1/04/2016,947505.67
Preston,1/05/2016,881597.22
Preston,1/06/2016,825389.58
Preston,1/07/2016,690428.56
Preston,1/08/2016,837081.05
Preston,1/09/2016,882388.89
Preston,1/10/2016,866001.70
Preston,1/11/2016,817188.28
Preston,1/12/2016,863873.86
Preston,1/02/2017,664166.67
Preston,1/03/2017,866035.45
Preston,1/04/2017,950992.92
Preston,1/05/2017,889880.00
Preston,1/06/2017,928745.25
Preston,1/07/2017,846219.14
Preston,1/08/2017,932236.53
Preston,1/09/2017,810251.89
Princes Hill,1/05/2016,1908000.00
Princes Hill,1/11/2016,1712000.00
Princes Hill,1/05/2017,1550000.00
Princes Hill,1/06/2017,1900000.00
Princes Hill,1/07/2017,1930000.00
Princes Hill,1/08/2017,1632000.00
Princes Hill,1/09/2017,1908000.00
Reservoir,1/04/2016,601525.67
Reservoir,1/05/2016,630947.05
Reservoir,1/06/2016,611878.30
Reservoir,1/07/2016,625391.53
Reservoir,1/08/2016,620756.56
Reservoir,1/09/2016,643248.37
Reservoir,1/10/2016,649052.68
Reservoir,1/11/2016,674621.44
Reservoir,1/12/2016,632057.04
Reservoir,1/02/2017,647686.68
Reservoir,1/03/2017,746401.60
Reservoir,1/04/2017,719100.00
Reservoir,1/05/2017,697829.48
Reservoir,1/06/2017,754593.97
Reservoir,1/07/2017,720217.34
Reservoir,1/08/2017,742418.09
Reservoir,1/09/2017,762333.53
Richmond,1/02/2016,986945.00
Richmond,1/04/2016,1223453.67
Richmond,1/05/2016,1054692.59
Richmond,1/06/2016,1000376.48
Richmond,1/07/2016,951538.60
Richmond,1/08/2016,1021920.54
Richmond,1/09/2016,1057379.77
Richmond,1/10/2016,1007617.80
Richmond,1/11/2016,1058908.05
Richmond,1/12/2016,1360380.07
Richmond,1/02/2017,1224125.00
Richmond,1/03/2017,1148725.00
Richmond,1/04/2017,1016730.47
Richmond,1/05/2017,1062432.48
Richmond,1/06/2017,1053344.96
Richmond,1/07/2017,1036717.29
Richmond,1/08/2017,1135360.94
Richmond,1/09/2017,1211970.74
Riddells Creek,1/06/2017,892250.00
Ringwood,1/05/2017,938066.67
Ringwood,1/06/2017,854331.80
Ringwood,1/07/2017,994046.55
Ringwood,1/08/2017,871317.67
Ringwood,1/09/2017,954216.58
Ringwood East,1/05/2017,609000.00
Ringwood East,1/06/2017,1010025.00
Ringwood East,1/07/2017,933354.17
Ringwood East,1/08/2017,969000.00
Ringwood East,1/09/2017,935531.25
Ringwood North,1/05/2017,957500.00
Ringwood North,1/06/2017,820333.33
Ringwood North,1/07/2017,927500.00
Ringwood North,1/08/2017,888500.00
Ringwood North,1/09/2017,1099933.20
Ripponlea,1/05/2016,562500.00
Ripponlea,1/06/2016,755000.00
Ripponlea,1/11/2016,861333.33
Ripponlea,1/03/2017,609125.00
Ripponlea,1/06/2017,1005000.00
Ripponlea,1/07/2017,558500.00
Ripponlea,1/09/2017,655000.00
Rosanna,1/04/2016,705000.00
Rosanna,1/05/2016,869553.84
Rosanna,1/06/2016,924691.17
Rosanna,1/07/2016,907617.25
Rosanna,1/08/2016,1005933.63
Rosanna,1/09/2016,944647.58
Rosanna,1/10/2016,710323.50
Rosanna,1/11/2016,1016248.89
Rosanna,1/12/2016,897696.57
Rosanna,1/02/2017,856750.00
Rosanna,1/03/2017,839208.25
Rosanna,1/04/2017,970895.75
Rosanna,1/05/2017,1072289.33
Rosanna,1/06/2017,861933.43
Rosanna,1/07/2017,1047893.80
Rosanna,1/08/2017,1150710.40
Rosanna,1/09/2017,1136775.17
Rowville,1/06/2017,940700.00
Rowville,1/07/2017,881918.44
Rowville,1/08/2017,937500.00
Rowville,1/09/2017,941750.00
Roxburgh Park,1/05/2017,582389.00
Roxburgh Park,1/06/2017,478812.50
Roxburgh Park,1/07/2017,463028.57
Roxburgh Park,1/08/2017,510250.00
Roxburgh Park,1/09/2017,494503.42
Sandhurst,1/06/2017,645000.00
Sandhurst,1/09/2017,665000.00
Sandringham,1/05/2017,1183721.20
Sandringham,1/06/2017,1646714.29
Sandringham,1/07/2017,1177785.71
Sandringham,1/08/2017,1695339.29
Sandringham,1/09/2017,1775925.00
Scoresby,1/05/2017,898450.00
Scoresby,1/06/2017,916750.00
Scoresby,1/07/2017,1053333.33
Scoresby,1/08/2017,880000.00
Scoresby,1/09/2017,956000.00
Seabrook,1/06/2017,515000.00
Seabrook,1/07/2017,632500.00
Seaford,1/05/2017,775666.67
Seaford,1/06/2017,721500.00
Seaford,1/07/2017,704697.00
Seaford,1/08/2017,575666.67
Seaford,1/09/2017,770000.00
Seaholme,1/04/2016,1050000.00
Seaholme,1/05/2016,950000.00
Seaholme,1/06/2016,925000.00
Seaholme,1/08/2016,860000.00
Seaholme,1/09/2016,1415000.00
Seaholme,1/02/2017,2000000.00
Seaholme,1/06/2017,1360000.00
Seddon,1/04/2016,1062184.80
Seddon,1/05/2016,1028598.50
Seddon,1/06/2016,1025419.67
Seddon,1/07/2016,825500.00
Seddon,1/08/2016,764333.33
Seddon,1/09/2016,774166.67
Seddon,1/10/2016,974251.80
Seddon,1/11/2016,1072654.00
Seddon,1/12/2016,1073212.00
Seddon,1/02/2017,1046462.00
Seddon,1/03/2017,1092820.67
Seddon,1/05/2017,921151.55
Seddon,1/06/2017,1058543.17
Seddon,1/07/2017,857750.00
Seddon,1/08/2017,1420600.00
Seddon,1/09/2017,924600.00
Skye,1/06/2017,555698.00
Skye,1/07/2017,640000.00
South Kingsville,1/04/2016,915000.00
South Kingsville,1/06/2016,827416.67
South Kingsville,1/07/2016,420000.00
South Kingsville,1/08/2016,583000.00
South Kingsville,1/09/2016,704479.33
South Kingsville,1/11/2016,726239.67
South Kingsville,1/02/2017,508000.00
South Kingsville,1/03/2017,922500.00
South Kingsville,1/04/2017,632179.75
South Kingsville,1/05/2017,851200.00
South Kingsville,1/06/2017,790000.00
South Kingsville,1/07/2017,730000.00
South Kingsville,1/08/2017,922500.00
South Kingsville,1/09/2017,1124000.00
South Melbourne,1/04/2016,1171400.00
South Melbourne,1/05/2016,1228115.58
South Melbourne,1/06/2016,1189340.33
South Melbourne,1/07/2016,625000.00
South Melbourne,1/08/2016,1060919.00
South Melbourne,1/09/2016,1331613.91
South Melbourne,1/10/2016,1414333.33
South Melbourne,1/11/2016,1134971.10
South Melbourne,1/12/2016,1449926.44
South Melbourne,1/02/2017,1325000.00
South Melbourne,1/03/2017,1248483.86
South Melbourne,1/04/2017,1013954.90
South Melbourne,1/05/2017,1903298.71
South Melbourne,1/06/2017,1351947.10
South Melbourne,1/07/2017,1608639.67
South Melbourne,1/08/2017,1655384.09
South Melbourne,1/09/2017,1090769.23
South Morang,1/05/2017,380000.00
South Morang,1/06/2017,655388.89
South Morang,1/07/2017,653772.68
South Morang,1/08/2017,595819.67
South Morang,1/09/2017,609156.42
South Yarra,1/04/2016,997781.00
South Yarra,1/05/2016,953398.27
South Yarra,1/06/2016,900420.68
South Yarra,1/07/2016,542375.00
South Yarra,1/08/2016,936750.71
South Yarra,1/09/2016,1044268.82
South Yarra,1/10/2016,1225128.79
South Yarra,1/11/2016,1413514.70
South Yarra,1/12/2016,1065170.61
South Yarra,1/02/2017,935649.62
South Yarra,1/03/2017,1176965.96
South Yarra,1/04/2017,1147788.76
South Yarra,1/05/2017,1257740.48
South Yarra,1/06/2017,1071551.72
South Yarra,1/07/2017,844384.24
South Yarra,1/08/2017,778624.92
South Yarra,1/09/2017,1074007.70
Southbank,1/02/2016,423500.00
Southbank,1/04/2016,644666.67
Southbank,1/05/2016,638814.89
Southbank,1/06/2016,620600.00
Southbank,1/07/2016,661250.00
Southbank,1/08/2016,513229.25
Southbank,1/09/2016,672800.00
Southbank,1/11/2016,832000.00
Southbank,1/02/2017,527208.50
Southbank,1/03/2017,554875.00
Southbank,1/04/2017,560000.00
Southbank,1/05/2017,594854.25
Southbank,1/06/2017,573569.50
Southbank,1/07/2017,665708.50
Southbank,1/08/2017,612208.50
Southbank,1/09/2017,487750.00
Spotswood,1/04/2016,831000.00
Spotswood,1/05/2016,832500.00
Spotswood,1/06/2016,977333.33
Spotswood,1/07/2016,1016000.00
Spotswood,1/08/2016,863250.00
Spotswood,1/09/2016,948750.00
Spotswood,1/10/2016,850000.00
Spotswood,1/11/2016,978240.00
Spotswood,1/12/2016,1130600.00
Spotswood,1/02/2017,968000.00
Spotswood,1/03/2017,760875.00
Spotswood,1/04/2017,786666.67
Spotswood,1/05/2017,1021457.20
Spotswood,1/06/2017,750643.00
Spotswood,1/07/2017,997000.00
Spotswood,1/08/2017,782833.33
Spotswood,1/09/2017,1240000.00
Springvale,1/05/2017,784050.00
Springvale,1/06/2017,692333.33
Springvale,1/07/2017,780092.86
Springvale,1/08/2017,784050.00
Springvale,1/09/2017,735500.00
Springvale South,1/07/2017,712500.00
Springvale South,1/08/2017,750000.00
Springvale South,1/09/2017,725000.00
St Albans,1/05/2017,674112.40
St Albans,1/06/2017,553573.67
St Albans,1/07/2017,592040.14
St Albans,1/08/2017,580360.46
St Albans,1/09/2017,605042.88
St Helena,1/05/2017,1387000.00
St Helena,1/07/2017,805000.00
St Helena,1/09/2017,897000.00
St Kilda,1/02/2016,694391.00
St Kilda,1/04/2016,532375.00
St Kilda,1/05/2016,675118.72
St Kilda,1/06/2016,724355.04
St Kilda,1/07/2016,671282.25
St Kilda,1/08/2016,623538.46
St Kilda,1/09/2016,1111376.04
St Kilda,1/10/2016,630916.67
St Kilda,1/11/2016,892935.85
St Kilda,1/12/2016,1079626.78
St Kilda,1/02/2017,841853.23
St Kilda,1/03/2017,1249102.39
St Kilda,1/04/2017,966837.20
St Kilda,1/05/2017,885175.67
St Kilda,1/06/2017,901306.40
St Kilda,1/07/2017,566977.00
St Kilda,1/08/2017,809627.64
St Kilda,1/09/2017,1058714.65
Strathmore,1/02/2016,1500000.00
Strathmore,1/04/2016,1021250.00
Strathmore,1/05/2016,1177857.14
Strathmore,1/06/2016,1138635.00
Strathmore,1/07/2016,1119098.00
Strathmore,1/08/2016,1073382.80
Strathmore,1/09/2016,1169248.33
Strathmore,1/10/2016,1014531.67
Strathmore,1/11/2016,1385833.33
Strathmore,1/12/2016,1259698.00
Strathmore,1/02/2017,1276333.33
Strathmore,1/03/2017,1137500.00
Strathmore,1/04/2017,1002282.86
Strathmore,1/05/2017,1062425.50
Strathmore,1/06/2017,1289750.00
Strathmore,1/07/2017,1109070.00
Strathmore,1/08/2017,1643200.00
Strathmore,1/09/2017,1213855.56
Strathmore Heights,1/05/2016,853333.33
Strathmore Heights,1/06/2016,655000.00
Strathmore Heights,1/08/2016,780000.00
Strathmore Heights,1/09/2016,1260000.00
Strathmore Heights,1/11/2016,931999.00
Strathmore Heights,1/08/2017,1000000.00
Sunbury,1/05/2017,477500.00
Sunbury,1/06/2017,510010.86
Sunbury,1/07/2017,490509.50
Sunbury,1/08/2017,545552.36
Sunbury,1/09/2017,549118.42
Sunshine,1/04/2016,643202.33
Sunshine,1/05/2016,635192.31
Sunshine,1/06/2016,599100.00
Sunshine,1/07/2016,598163.50
Sunshine,1/08/2016,708521.67
Sunshine,1/09/2016,575990.75
Sunshine,1/10/2016,725928.57
Sunshine,1/11/2016,698900.37
Sunshine,1/12/2016,757875.71
Sunshine,1/02/2017,779267.83
Sunshine,1/03/2017,788227.27
Sunshine,1/04/2017,752508.92
Sunshine,1/05/2017,907000.00
Sunshine,1/06/2017,750592.13
Sunshine,1/07/2017,744125.00
Sunshine,1/08/2017,695000.00
Sunshine,1/09/2017,733510.00
Sunshine North,1/04/2016,689240.00
Sunshine North,1/05/2016,631597.64
Sunshine North,1/06/2016,568802.50
Sunshine North,1/07/2016,539614.80
Sunshine North,1/08/2016,596222.22
Sunshine North,1/09/2016,596400.00
Sunshine North,1/10/2016,599300.00
Sunshine North,1/11/2016,724560.00
Sunshine North,1/12/2016,668000.00
Sunshine North,1/02/2017,611858.00
Sunshine North,1/03/2017,649428.57
Sunshine North,1/04/2017,622762.33
Sunshine North,1/05/2017,672168.00
Sunshine North,1/06/2017,625771.50
Sunshine North,1/07/2017,581092.57
Sunshine North,1/08/2017,559166.67
Sunshine North,1/09/2017,648847.73
Sunshine West,1/04/2016,511025.67
Sunshine West,1/05/2016,549870.33
Sunshine West,1/06/2016,488100.00
Sunshine West,1/07/2016,581769.25
Sunshine West,1/08/2016,512188.82
Sunshine West,1/09/2016,521187.50
Sunshine West,1/10/2016,627019.25
Sunshine West,1/11/2016,571965.13
Sunshine West,1/12/2016,556230.78
Sunshine West,1/02/2017,726000.00
Sunshine West,1/03/2017,622644.00
Sunshine West,1/04/2017,556107.70
Sunshine West,1/05/2017,577240.00
Sunshine West,1/06/2017,557122.13
Sunshine West,1/07/2017,636980.79
Sunshine West,1/08/2017,616400.00
Sunshine West,1/09/2017,600628.22
Surrey Hills,1/01/2016,1009000.00
Surrey Hills,1/02/2016,930000.00
Surrey Hills,1/04/2016,1551058.29
Surrey Hills,1/05/2016,1454219.33
Surrey Hills,1/06/2016,1637938.46
Surrey Hills,1/07/2016,2050000.00
Surrey Hills,1/08/2016,1912330.78
Surrey Hills,1/09/2016,1573744.25
Surrey Hills,1/10/2016,1480631.27
Surrey Hills,1/11/2016,1470710.80
Surrey Hills,1/12/2016,1719993.78
Surrey Hills,1/02/2017,1346410.33
Surrey Hills,1/03/2017,1500549.00
Surrey Hills,1/04/2017,1985639.00
Surrey Hills,1/05/2017,1526840.93
Surrey Hills,1/06/2017,1657243.17
Surrey Hills,1/07/2017,1587888.89
Surrey Hills,1/08/2017,1869347.06
Surrey Hills,1/09/2017,1760641.00
Sydenham,1/06/2017,471000.00
Sydenham,1/07/2017,590420.00
Sydenham,1/08/2017,629750.00
Sydenham,1/09/2017,580000.00
Tarneit,1/05/2017,505000.00
Tarneit,1/06/2017,550750.00
Tarneit,1/07/2017,531872.18
Tarneit,1/08/2017,496500.00
Tarneit,1/09/2017,512312.50
Taylors Hill,1/05/2017,645000.00
Taylors Hill,1/06/2017,619000.00
Taylors Hill,1/07/2017,595250.00
Taylors Hill,1/08/2017,726000.00
Taylors Hill,1/09/2017,728333.33
Taylors Lakes,1/05/2017,971000.00
Taylors Lakes,1/06/2017,750065.67
Taylors Lakes,1/07/2017,658409.09
Taylors Lakes,1/08/2017,578000.00
Taylors Lakes,1/09/2017,722714.29
Templestowe,1/05/2017,1783571.00
Templestowe,1/06/2017,1552300.00
Templestowe,1/07/2017,1345300.00
Templestowe,1/08/2017,1604015.38
Templestowe,1/09/2017,1514971.38
Templestowe Lower,1/04/2016,1115440.00
Templestowe Lower,1/05/2016,1087093.69
Templestowe Lower,1/06/2016,997013.93
Templestowe Lower,1/07/2016,1289750.00
Templestowe Lower,1/08/2016,1115637.18
Templestowe Lower,1/09/2016,1104582.10
Templestowe Lower,1/10/2016,945400.00
Templestowe Lower,1/11/2016,1234829.41
Templestowe Lower,1/12/2016,1014106.25
Templestowe Lower,1/02/2017,923084.83
Templestowe Lower,1/03/2017,1153133.00
Templestowe Lower,1/04/2017,1376511.11
Templestowe Lower,1/05/2017,1261579.86
Templestowe Lower,1/06/2017,1139850.00
Templestowe Lower,1/07/2017,1305688.63
Templestowe Lower,1/08/2017,1239328.57
Templestowe Lower,1/09/2017,1356000.00
The Basin,1/07/2017,514100.00
The Basin,1/08/2017,610000.00
The Basin,1/09/2017,700000.00
Thomastown,1/05/2017,656250.00
Thomastown,1/06/2017,649083.33
Thomastown,1/07/2017,607449.25
Thomastown,1/08/2017,592597.00
Thomastown,1/09/2017,614883.20
Thornbury,1/02/2016,1225000.00
Thornbury,1/04/2016,883916.67
Thornbury,1/05/2016,959115.25
Thornbury,1/06/2016,853953.46
Thornbury,1/07/2016,1109043.00
Thornbury,1/08/2016,965105.55
Thornbury,1/09/2016,917993.80
Thornbury,1/10/2016,1043400.00
Thornbury,1/11/2016,827994.36
Thornbury,1/12/2016,683570.90
Thornbury,1/02/2017,1066285.31
Thornbury,1/03/2017,1042710.18
Thornbury,1/04/2017,989769.23
Thornbury,1/05/2017,1085880.71
Thornbury,1/06/2017,1100407.65
Thornbury,1/07/2017,955500.00
Thornbury,1/08/2017,937437.79
Thornbury,1/09/2017,1158339.38
Toorak,1/04/2016,2149598.67
Toorak,1/05/2016,1709560.82
Toorak,1/06/2016,1455156.33
Toorak,1/07/2016,894132.67
Toorak,1/08/2016,1962745.75
Toorak,1/09/2016,1697645.27
Toorak,1/10/2016,1960453.42
Toorak,1/11/2016,2121475.25
Toorak,1/12/2016,2396303.77
Toorak,1/02/2017,1742705.13
Toorak,1/03/2017,2158995.00
Toorak,1/04/2017,1290700.00
Toorak,1/05/2017,2394683.50
Toorak,1/06/2017,1860310.22
Toorak,1/07/2017,1258450.57
Toorak,1/08/2017,1530004.36
Toorak,1/09/2017,1935186.74
Travancore,1/05/2016,1027500.00
Travancore,1/06/2016,752833.33
Travancore,1/08/2016,1257000.00
Travancore,1/10/2016,1562000.00
Travancore,1/11/2016,1184958.50
Travancore,1/12/2016,503000.00
Travancore,1/05/2017,360000.00
Travancore,1/06/2017,856000.00
Travancore,1/07/2017,341500.00
Travancore,1/08/2017,2070000.00
Truganina,1/05/2017,461500.00
Truganina,1/06/2017,587667.00
Truganina,1/07/2017,452175.00
Truganina,1/08/2017,579000.00
Truganina,1/09/2017,545668.33
Tullamarine,1/05/2017,625000.00
Tullamarine,1/06/2017,355000.00
Tullamarine,1/07/2017,603978.60
Tullamarine,1/08/2017,516071.43
Tullamarine,1/09/2017,604375.00
Vermont,1/05/2017,1163792.00
Vermont,1/06/2017,1068200.00
Vermont,1/07/2017,1005500.00
Vermont,1/08/2017,999450.00
Vermont,1/09/2017,948577.83
Vermont South,1/05/2017,1243300.00
Vermont South,1/06/2017,1253285.71
Vermont South,1/07/2017,1269533.33
Vermont South,1/08/2017,1130041.63
Vermont South,1/09/2017,1123750.00
Viewbank,1/05/2016,879798.67
Viewbank,1/06/2016,832700.00
Viewbank,1/07/2016,875666.67
Viewbank,1/08/2016,912005.75
Viewbank,1/09/2016,981500.00
Viewbank,1/11/2016,957914.14
Viewbank,1/12/2016,825448.33
Viewbank,1/02/2017,915000.00
Viewbank,1/03/2017,1000125.00
Viewbank,1/04/2017,1056007.67
Viewbank,1/05/2017,980394.50
Viewbank,1/06/2017,953804.60
Viewbank,1/07/2017,967938.00
Viewbank,1/08/2017,1272737.60
Viewbank,1/09/2017,1075394.50
Wallan,1/06/2017,366000.00
Wallan,1/08/2017,366000.00
Wallan,1/09/2017,366000.00
Wantirna,1/05/2017,805000.00
Wantirna,1/06/2017,978300.00
Wantirna,1/07/2017,919541.67
Wantirna,1/08/2017,1034766.67
Wantirna,1/09/2017,930000.00
Wantirna South,1/06/2017,1269250.00
Wantirna South,1/07/2017,881000.00
Wantirna South,1/08/2017,1134200.00
Wantirna South,1/09/2017,1211396.86
Warrandyte,1/05/2017,1050000.00
Warrandyte,1/06/2017,1025000.00
Warrandyte,1/07/2017,1028000.00
Warrandyte,1/08/2017,1600000.00
Warrandyte,1/09/2017,1150000.00
Waterways,1/07/2017,1265000.00
Waterways,1/09/2017,1232000.00
Watsonia,1/04/2016,762500.00
Watsonia,1/05/2016,688423.00
Watsonia,1/06/2016,637500.00
Watsonia,1/07/2016,855793.50
Watsonia,1/08/2016,714333.33
Watsonia,1/09/2016,713000.00
Watsonia,1/10/2016,738915.00
Watsonia,1/11/2016,656279.00
Watsonia,1/12/2016,632000.00
Watsonia,1/02/2017,632000.00
Watsonia,1/03/2017,892500.00
Watsonia,1/04/2017,822166.67
Watsonia,1/05/2017,912793.50
Watsonia,1/06/2017,891666.67
Watsonia,1/07/2017,725000.00
Watsonia,1/08/2017,740792.25
Watsonia,1/09/2017,786750.00
Watsonia North,1/05/2017,716333.33
Watsonia North,1/06/2017,747955.25
Watsonia North,1/07/2017,780250.00
Watsonia North,1/08/2017,740571.00
Watsonia North,1/09/2017,920000.00
Werribee,1/05/2017,499591.25
Werribee,1/06/2017,505958.33
Werribee,1/07/2017,527441.00
Werribee,1/08/2017,533797.08
Werribee,1/09/2017,520248.95
West Footscray,1/02/2016,1415000.00
West Footscray,1/05/2016,611816.09
West Footscray,1/06/2016,769595.50
West Footscray,1/07/2016,885480.33
West Footscray,1/08/2016,717345.50
West Footscray,1/09/2016,737580.83
West Footscray,1/10/2016,764483.56
West Footscray,1/11/2016,711310.64
West Footscray,1/12/2016,840681.75
West Footscray,1/02/2017,662377.57
West Footscray,1/03/2017,675489.63
West Footscray,1/04/2017,745786.43
West Footscray,1/05/2017,781800.00
West Footscray,1/06/2017,836800.00
West Footscray,1/07/2017,762926.92
West Footscray,1/08/2017,891812.50
West Footscray,1/09/2017,757404.92
West Melbourne,1/05/2016,873000.00
West Melbourne,1/06/2016,1073000.00
West Melbourne,1/07/2016,541500.00
West Melbourne,1/08/2016,1031470.50
West Melbourne,1/09/2016,771000.00
West Melbourne,1/10/2016,1158970.50
West Melbourne,1/11/2016,836000.00
West Melbourne,1/12/2016,956470.50
West Melbourne,1/02/2017,901000.00
West Melbourne,1/03/2017,889000.00
West Melbourne,1/04/2017,674000.00
West Melbourne,1/05/2017,982242.63
West Melbourne,1/06/2017,1081000.00
West Melbourne,1/07/2017,944588.20
West Melbourne,1/09/2017,1384492.63
Westmeadows,1/05/2017,485833.50
Westmeadows,1/06/2017,545000.00
Westmeadows,1/07/2017,645208.29
Westmeadows,1/08/2017,682750.00
Westmeadows,1/09/2017,533452.43
Wheelers Hill,1/05/2017,1170723.20
Wheelers Hill,1/06/2017,1247622.75
Wheelers Hill,1/07/2017,1286840.38
Wheelers Hill,1/08/2017,1244301.45
Wheelers Hill,1/09/2017,1289842.69
Whittlesea,1/07/2017,601000.00
Whittlesea,1/08/2017,440000.00
Williams Landing,1/09/2017,555000.00
Williamstown,1/04/2016,1208490.00
Williamstown,1/05/2016,1007464.70
Williamstown,1/06/2016,1527437.50
Williamstown,1/07/2016,1530957.33
Williamstown,1/08/2016,1385036.75
Williamstown,1/09/2016,1078419.23
Williamstown,1/10/2016,1157000.00
Williamstown,1/11/2016,1359675.56
Williamstown,1/12/2016,1141430.43
Williamstown,1/02/2017,1238934.17
Williamstown,1/03/2017,1828888.89
Williamstown,1/04/2017,1075888.89
Williamstown,1/05/2017,1382037.50
Williamstown,1/06/2017,1609908.33
Williamstown,1/07/2017,1163383.33
Williamstown,1/08/2017,1678916.67
Williamstown,1/09/2017,1046445.38
Williamstown North,1/04/2016,600000.00
Williamstown North,1/06/2016,380000.00
Williamstown North,1/08/2016,881000.00
Williamstown North,1/09/2016,433750.00
Williamstown North,1/10/2016,905000.00
Williamstown North,1/11/2016,1332500.00
Williamstown North,1/12/2016,969666.67
Williamstown North,1/03/2017,460000.00
Williamstown North,1/04/2017,901200.00
Williamstown North,1/05/2017,1169250.00
Williamstown North,1/09/2017,1300000.00
Windsor,1/04/2016,804691.00
Windsor,1/05/2016,855711.46
Windsor,1/06/2016,1442050.00
Windsor,1/07/2016,512250.00
Windsor,1/08/2016,946507.38
Windsor,1/09/2016,1070853.00
Windsor,1/10/2016,808687.50
Windsor,1/11/2016,1251679.78
Windsor,1/12/2016,1036125.00
Windsor,1/02/2017,888500.00
Windsor,1/03/2017,1443075.55
Windsor,1/04/2017,672250.00
Windsor,1/05/2017,747345.50
Windsor,1/06/2017,1137938.20
Windsor,1/07/2017,751553.25
Windsor,1/08/2017,642500.00
Windsor,1/09/2017,1352075.00
Wollert,1/05/2017,595000.00
Wollert,1/06/2017,546000.00
Wollert,1/07/2017,525641.63
Wollert,1/08/2017,493477.67
Wollert,1/09/2017,580666.67
Wyndham Vale,1/06/2017,564406.33
Wyndham Vale,1/07/2017,501827.25
Wyndham Vale,1/08/2017,561929.29
Wyndham Vale,1/09/2017,518700.00
Yallambie,1/04/2016,880396.00
Yallambie,1/05/2016,774000.00
Yallambie,1/06/2016,731000.00
Yallambie,1/07/2016,888000.00
Yallambie,1/08/2016,664500.00
Yallambie,1/09/2016,723849.00
Yallambie,1/10/2016,847500.00
Yallambie,1/11/2016,738600.00
Yallambie,1/12/2016,760000.00
Yallambie,1/02/2017,736500.00
Yallambie,1/03/2017,854000.00
Yallambie,1/04/2017,926161.50
Yallambie,1/05/2017,838250.00
Yallambie,1/06/2017,1174000.00
Yallambie,1/07/2017,748402.00
Yallambie,1/08/2017,1062500.00
Yallambie,1/09/2017,857000.00
Yarra Glen,1/07/2017,620000.00
Yarraville,1/02/2016,890000.00
Yarraville,1/04/2016,796916.67
Yarraville,1/05/2016,998836.80
Yarraville,1/06/2016,872197.20
Yarraville,1/07/2016,1060922.57
Yarraville,1/08/2016,785154.08
Yarraville,1/09/2016,926936.93
Yarraville,1/10/2016,1160879.25
Yarraville,1/11/2016,1079489.88
Yarraville,1/12/2016,975690.54
Yarraville,1/02/2017,962121.91
Yarraville,1/03/2017,1003441.18
Yarraville,1/04/2017,1080238.64
Yarraville,1/05/2017,865084.10
Yarraville,1/06/2017,1091127.88
Yarraville,1/07/2017,1090911.76
Yarraville,1/08/2017,974167.63
Yarraville,1/09/2017,979218.61
